gene,S2,n_peaks_on
PTGER2,2.8901400373991906,5
CD40LG,2.8194200160696523,6
LINC02446,2.561452230886552,5
PLEKHG3,2.5590255343792663,4
MGAT4A,2.5477488430460475,5
PXN,2.5228366085265224,8
SORL1,2.5218282541781534,6
TSPAN14,2.4934721996308555,3
ABLIM1,2.474986752834623,5
COL6A2,2.4558350803555586,5
RELL1,2.432185850340755,6
TRAV12-1,2.4238245794660234,4
NSG1,2.423600271433255,5
PRKY,2.4193145801536478,1
TRAT1,2.4128873267113047,6
PITPNC1,2.369129311152974,5
TRBV7-6,2.3676552657917513,6
TRBV7-2,2.3430705956851035,6
TRAV38-1,2.329067960564897,1
KLF3,2.310764552837393,6
LINC00892,2.298263169067212,4
TRBV20-1,2.2886199606971034,8
TRBV4-2,2.2818987489622837,6
TTC39C,2.2809362416917907,7
IGLV2-14,2.280196129542922,5
SELPLG,2.2671170770676987,3
TRBV2,2.2552703844399886,2
TTC16,2.2512763211728504,4
P2RY8,2.2204132818527005,7
TRBV14,2.2168350993019215,2
RASGRP1,2.2082068827903045,7
TOB1,2.1764264789184145,4
RNF125,2.165903370085303,6
P2RX1,2.16142993266728,7
RASA3,2.1549433014821053,6
SLC2A3,2.1442691973630876,6
GLIPR2,2.1349643789395327,6
RNF157,2.1292522662265183,7
NPDC1,2.1129233212396663,3
CASP1,2.1062424720883066,5
GIMAP7,2.106153846166436,9
IL32,2.0924898954458535,13
TRGV2,2.0770999089350553,3
SERPINB6,2.0659532465188386,5
AAK1,2.065422088498627,5
PTGDS,2.0558730486724563,5
ADCY9,2.039529493159104,2
GLRX,2.033573681786495,7
TRBV7-9,2.0322588375164403,9
TSPAN32,2.0218529038724995,6
TRBV6-5,2.009696738360912,3
RAB27A,2.009343602387912,6
CD3E,1.9954846499266177,9
TRBV25-1,1.9916679213307587,4
AC022075.1,1.990026647875249,3
KLRC4,1.9857711974657246,4
ITGB2-AS1,1.9825290934729904,6
RPS4Y1,1.9810377894499405,8
CSGALNACT1,1.970659136035911,4
TRBV4-1,1.9695146763481124,3
GDPD5,1.9686118944809434,6
FUT7,1.9664083081966082,4
PDZD4,1.9635945464010067,3
AL450352.1,1.96306380693365,3
MATK,1.9526422459607524,6
AC004832.6,1.9470096309146414,3
LINC01871,1.9440959413576313,6
SYNM,1.9424384933702428,2
RFLNB,1.9387033213323273,5
TRBV9,1.934927282692266,7
ADAMTS10,1.923654838898117,3
BCL9L,1.9188248032368969,4
PLXDC1,1.9184746877265475,4
SAMD3,1.91786879817038,7
CD7,1.9135324367125,7
FLT3LG,1.9127120159768816,6
TRAV14DV4,1.9027703446512145,3
TRAV8-6,1.902766642051255,4
TRAV6,1.8965322116764305,3
TRBV6-2,1.8945136684727493,6
TRAV8-3,1.8917724716061186,3
AL359220.1,1.8906219468388086,5
TRAV13-2,1.8894377725301283,6
TRAV3,1.887752906100557,3
TRAV12-3,1.885492983785911,4
RORA,1.8804700475336902,7
AKR1C3,1.878045739795981,3
LINC01684,1.8765764670898513,5
TRDV1,1.872486566062334,4
TRAV12-2,1.8724200380646665,4
TRBV6-1,1.8706900873959669,3
TRBV15,1.868510659592295,3
TRAV25,1.8679313946151077,3
CMTM7,1.8661786247995809,6
FCRL6,1.8658970221217297,5
ZFYVE28,1.865402596600965,6
TRBV13,1.8641361568236403,2
TRBV5-6,1.8637997375743973,1
TRBV28,1.8598303477912614,5
TRAV23DV6,1.858736606449417,4
TRAV27,1.8581258829340956,4
LAIR1,1.8568701926084858,4
TRGC2,1.8567960710832232,4
SATB1,1.8504691036214527,4
PRNP,1.8431275032353234,3
TRAV21,1.8343034086663494,3
TRAV8-4,1.8340871825747451,5
CEMIP2,1.8261664203444459,5
TRAV16,1.8242274350709524,3
TOGARAM2,1.8209849819838082,3
NUCB2,1.8169384621301539,6
ZNF467,1.810257783276486,5
TNFSF8,1.7969030062671607,6
TRBV19,1.7928069395040525,5
TRAV4,1.7876129684283273,4
MYOM2,1.78757165377162,4
ANK3,1.7816163166543466,5
PLAAT4,1.7808694784530914,7
AC017002.3,1.7808323702766686,4
MMP23B,1.779236087592005,6
S100B,1.7672376868088602,2
TRGV10,1.764714525591343,5
REEP6,1.7642920632631944,3
ARHGAP10,1.7622604404851778,4
SH2D2A,1.7619621539099088,3
ZNF683,1.7589082083139411,5
A2M-AS1,1.7587055712548498,5
TRGV5,1.758374203532264,5
H2AFJ,1.7508926643654863,4
JAKMIP1,1.7495242894429728,4
B3GAT1,1.7491966657694775,5
AL022311.1,1.7449181861744467,5
GBP5,1.7442339112548741,6
RSAD2,1.737685704947588,2
MYBL1,1.734458366576982,5
CARD19,1.727685592812469,7
TRAV13-1,1.7261841066036077,5
HIST1H2AB,1.720426389114847,6
PLCB1,1.7203074624758876,3
AL034397.3,1.7165188017808608,4
TRAV8-2,1.7146648289713928,5
HPGD,1.7091443047317112,3
PLCH2,1.705734734043112,3
AF165147.1,1.700029516246396,5
LINC02362,1.699948993383064,5
BAIAP2,1.697803616087243,4
GADD45G,1.6959528122529632,4
ZDHHC14,1.6938716352627892,5
TRG-AS1,1.6904030490378097,5
MAF,1.688188199764979,4
WDR86,1.6861914130961169,5
SLC22A15,1.686180478907074,6
TRGV9,1.6858222589774423,6
KLRG1,1.68514416420018,8
CLIC3,1.6752637582718417,5
SLCO3A1,1.6741278804090114,4
ITK,1.672855415381229,6
AOAH,1.6719948099611182,5
BTBD11,1.671000855613706,3
DPYD,1.6687744037329293,5
NTNG2,1.660664412801966,4
PRDM1,1.658323918312887,5
LCNL1,1.655012434442674,1
NELL2,1.654655324968289,6
CD247,1.6526492651003326,3
OSM,1.6486180373828339,3
TRERF1,1.6400943562781714,4
ASPH,1.6350162502747656,3
AC108134.3,1.6317075063129727,3
TRAV29DV5,1.6309274119538253,4
MSLN,1.6239821349870596,5
RNF11,1.6161180044558787,6
AGTRAP,1.6148711317418003,6
RBMS1,1.6138283751002367,4
IL2RB,1.612843416208669,4
ST8SIA6,1.612495065280466,2
LGR6,1.6103368517506047,5
NACC2,1.6009320813044061,4
ASCL2,1.599638876754517,5
TMEM231,1.5989655691083475,5
FAR2,1.595099996563468,4
TRGV4,1.585093884167782,2
TRAV17,1.584587716810132,6
AREG,1.5824063596228342,4
SCD5,1.5809691408028554,2
INPP4B,1.5783621521095108,5
SLC15A2,1.575974213910928,4
RALGPS2,1.5699927995637162,5
SAP30L-AS1,1.5677167982497124,5
TRBV7-3,1.5621877523348533,3
CD3D,1.558344151301459,9
ADGRG1,1.551337807589339,6
GABARAPL1,1.549737048829626,4
CACNB1,1.5486633716153786,4
CDC14A,1.5486596365035141,6
AC007569.1,1.5420801608212402,8
GAS7,1.5338063617560558,5
GZMM,1.5321369153258473,7
IGHM,1.5311614619583036,4
CHRM3-AS2,1.5286851118151994,4
TC2N,1.5281739151902318,6
PLEKHF1,1.5270441284941405,3
PRR5L,1.5262114081554516,7
ZBTB16,1.5211355146665964,3
PROK2,1.516212770862136,2
GIMAP4,1.5158496137652675,6
PAX8-AS1,1.514116749773135,4
TIMP1,1.512186669799478,7
CD96,1.5070894538086563,8
TRBV5-1,1.5015182851117406,7
SCGB3A1,1.4983898101027762,3
RAP1GAP2,1.4970106685314144,5
PIK3R5,1.4957136545852052,5
TNIP3,1.4946522626458907,2
AL135818.1,1.492424363734645,4
TBC1D4,1.4880353559488524,5
PRKCH,1.4813757509157295,7
PCSK5,1.47887991154379,2
RETN,1.4768452195097572,2
TNIK,1.4753515927683825,7
POU5F2,1.4708239887005952,4
CD8B,1.4694509733590417,7
CD4,1.4685639987581856,5
MYO1F,1.4671072661278737,7
PPM1L,1.4624124816508943,2
TCF7,1.4616397860888037,9
IL18RAP,1.4573398718269046,4
PDZD2,1.4563491694535085,2
TRGV8,1.455436191877166,3
LINC00299,1.4546807082325397,3
LINC01355,1.4539205831077007,5
ITM2A,1.4507911912468083,4
C19orf38,1.4495201999676104,4
IGHA2,1.4494487395802995,6
ETS2,1.4403487818518963,3
THEMIS,1.4400766176705826,5
NCR3,1.4338273002051722,3
HPSE,1.432292852460049,4
RGS9,1.431473829834127,4
ANTXR2,1.4252558056692413,4
HRH2,1.424466185214908,2
IQGAP2,1.423755062352375,3
IGHE,1.4224651310237302,7
IRF4,1.4221828273534323,6
LAIR2,1.4220224856339474,2
SMARCD3,1.4210388537555942,4
S1PR5,1.4187697139878033,5
LAT,1.4162368284394373,6
PADI4,1.4156717601013793,2
ITGA6,1.4155145315960393,5
MIR4435-2HG,1.414979790462863,5
H1F0,1.4090663162456134,2
DST,1.4081748910345866,3
SCML1,1.407874859417602,3
CD84,1.407818739523785,5
KIR3DL1,1.4077763565469237,4
ZCCHC18,1.4036536164448725,3
CD8A,1.4036246246029747,9
TRAV1-1,1.402105849788985,2
TIMD4,1.4015903153651281,5
HS3ST3B1,1.3999911068382414,5
C12orf75,1.3996110928422796,5
ADGRL1,1.3967960393094467,4
STAT4,1.3959375127563358,6
KLRD1,1.3945468278370987,4
TRBV27,1.3939185448212674,5
CYP4F22,1.3922495971111404,2
CCNL2,1.3918760611778753,6
ABI3,1.3904080836168446,4
IL6ST,1.3884200454241644,6
GIMAP1,1.3883018561566052,7
SSBP2,1.385057321246586,5
GNAZ,1.382407116605513,4
ST8SIA1,1.3802820787743435,6
IL4I1,1.3756294866734904,5
FHL1,1.3756136337087619,4
GIMAP5,1.374223895814917,8
CEBPD,1.3648502469631367,9
VCAM1,1.3643897990060867,4
STOM,1.364170216959626,8
CTBP2,1.3640703657315902,3
CITED2,1.3580392968589488,5
GIMAP6,1.357788172547332,5
TRAV9-2,1.357458177553666,5
FGFBP2,1.3570575765145891,9
PRSS23,1.3567090009371043,6
ARHGAP20,1.3564404147871674,5
NCKAP1,1.355315496114761,2
BEX3,1.354276952866244,6
STX7,1.352150878082948,6
DOCK5,1.34372824263712,3
C9orf139,1.3435263933359793,2
CAPN2,1.3410210805860419,5
TRAV19,1.3354734344325576,5
AC007448.4,1.3351777703158725,4
ISYNA1,1.3348744552305027,6
DLG4,1.332945902193193,4
GZMH,1.3328348678845927,8
GATA3,1.3323010132683124,7
CCDC88B,1.3301814406666985,6
IGFBP7,1.3298375149499133,3
PDE4D,1.3285196938953303,5
SLFN5,1.3263721922576404,5
TRDV3,1.3259735068311085,4
CD69,1.3242596069000125,4
ZNF589,1.323640892752305,4
AL158071.3,1.3231026912519763,4
TRAV38-2DV8,1.3222932225673107,5
PAG1,1.311544165355411,8
PTPN13,1.311474747037081,3
EOMES,1.3114256749648894,5
EDA,1.3114227394769054,1
RAMP1,1.310792763839749,5
PPM1K-DT,1.3094252002489546,2
KLRF1,1.305368093925787,2
TLR5,1.3052344470382107,4
RAB37,1.3012206073799168,5
MMP25,1.2964449073047066,3
DNAJB1,1.2953682700163855,8
CD3G,1.2950590637119894,7
CD160,1.2939383332895462,3
APOD,1.290500608865459,5
VCAN,1.288517547941847,5
FCRL1,1.288094332704814,3
AIF1,1.2831654324268316,3
COL19A1,1.2798611316427535,3
SH2D1A,1.272752448472049,5
AL157392.3,1.2719826322657657,5
SH2D1B,1.2718208940086773,2
FCHSD2,1.2683663685310995,4
PLA2G2D,1.2665188398375382,4
KLRK1,1.2656316091778759,7
AC020659.1,1.2645712636817488,6
CD28,1.2637154962475021,5
MTSS1,1.263336827061629,6
CAMK4,1.2629697707292034,4
Z95331.1,1.258342507584204,4
FYB1,1.257559829926507,8
TRAV34,1.256968003733926,1
LCP2,1.2565861961334213,8
GRAP2,1.2556938906012418,6
CTSW,1.253443387449991,9
BCL11B,1.2520462588783252,7
TRAV22,1.2503582576128602,5
LINC01725,1.2498456324203744,3
KLRC2,1.249165806366291,2
C1orf162,1.2478795925374202,5
TRGV7,1.2468788744613992,2
PLK1,1.2467922880584013,7
SEMA4D,1.2458793036970404,5
GPR174,1.2440009815013031,6
SLC12A6,1.241973214572825,4
APOL6,1.2410743009953948,6
TRBV18,1.2374497751579958,7
GIMAP8,1.2373810252256985,3
KLK1,1.2316941549152904,7
SYTL3,1.2302024947151509,5
CD200,1.2294028071847232,4
AL353708.3,1.2279342158333155,2
TCF7L2,1.2233944954141673,4
FAM13A,1.2225675283522683,3
NR4A2,1.2222139394773506,7
SETDB2,1.2210595414292256,5
TRDV2,1.2207700975371367,3
PTGDR,1.2197233010866984,7
RHOXF1-AS1,1.2187646223941049,4
AC036108.2,1.216921585238518,2
KIAA1211,1.2142768097461414,6
UPP1,1.212170010509313,5
PPP2R2B,1.2102360122332914,6
APOC1,1.2099006483089427,5
LINC01521,1.207982786748163,3
TRBV5-4,1.205154409992083,5
TRAV5,1.204926779271258,2
ARHGAP26,1.2022716409211254,5
ANXA1,1.2015974052771508,7
PER1,1.191719747969493,5
AL390066.1,1.1871541933584253,4
FAM13A-AS1,1.1860781372791687,6
AQP3,1.1833000292072906,6
LINC02193,1.1830545083487434,6
ID2,1.1807741837962777,8
KCTD7,1.1791285334024293,2
RNASE1,1.1775488394337834,6
FBP1,1.1769578496230304,5
TMEM220,1.1744472020217078,3
LYST,1.1682446154489632,3
SPN,1.167484157982902,4
ALS2CL,1.1653477769777751,3
SERP2,1.1652681102676716,4
AC215522.2,1.1614399679512566,2
SPRY1,1.161129235189951,3
GLUL,1.1568997476289014,6
IFNG-AS1,1.1563198086168682,3
KLRC1,1.1549609366421452,1
SLC25A37,1.152723339221799,5
UPK3BL2,1.1520215709277917,3
AC009041.2,1.1513524583714747,5
EFNB1,1.1510330896870857,5
GNAQ,1.1509243935931353,2
DIP2B,1.1502401853198985,4
NMUR1,1.1493054165637726,2
TRBV11-2,1.148964738721566,3
TNFAIP3,1.1489206389709992,3
ETV1,1.1486320009720379,2
KLK4,1.14458260588291,4
TSPAN18,1.1433339446571065,2
TRBV30,1.1430209607654596,4
GNA15,1.1373490342852497,2
TRAV41,1.1372250192401367,4
TRAV1-2,1.1362638809191035,1
TRBV10-3,1.13582314088906,2
NFIA,1.134427903336222,5
TRAV2,1.1335779812384081,1
TRBV12-3,1.1333313381192276,4
IGLV3-25,1.132327963068705,9
TRBV3-1,1.1319933055464673,3
BX284613.2,1.1307140432367448,6
TRAV26-2,1.1304975185825241,2
TRBV6-6,1.1304018884756721,3
TRAV36DV7,1.1301286160149944,3
CHN1,1.1298373758225049,5
TRAV35,1.1296827883102616,2
TRBV11-3,1.1296796420471469,3
TRBV24-1,1.129342555872337,2
TRAV26-1,1.1292224282394634,3
TRAV10,1.1292072001054687,3
TRAV39,1.1289605235957028,1
DOCK3,1.1287809679984484,3
GP5,1.128593212240279,1
TRBV7-7,1.128530484546239,2
TRBV21-1,1.128292892492251,3
TRAV24,1.1281484568423124,2
TRBV12-4,1.1281479664089689,2
TRBV6-4,1.1280980261541949,2
TSHZ2,1.1280575526994454,3
ZCCHC12,1.1280521516162354,2
TRAV20,1.1269025943614797,5
TRAV8-1,1.126854854863082,2
ENOX1,1.1263914485465985,4
TMCC2,1.1254978893007799,2
MSC-AS1,1.1234629555341855,2
MT2A,1.1233926702955896,6
MEGF6,1.1230858583848387,3
KRT1,1.1224410896962875,1
NBEAL2,1.121595140061767,5
IFNG,1.120120469108214,6
KCNK5,1.1194237874617532,4
TNFSF9,1.1188383577385164,5
LINC01281,1.1174027542692542,2
AFF3,1.115645580132912,7
THRB,1.1153685604967987,5
SMPDL3A,1.114202484442198,4
ACTG2,1.113821579140297,2
AL157394.3,1.1099461953489533,5
GRAMD1B,1.1087461049155338,4
HECW2,1.10870398307843,6
PRF1,1.1083804542875295,8
KIR3DL2,1.1081826141967523,2
ATP6V0E2-AS1,1.1078437829038388,5
LINC00861,1.107708570235268,4
PLA2G4B,1.1065672243235718,4
CNTNAP2,1.1062634551835013,7
TBX21,1.1062541347674144,3
AC108879.1,1.1058456679799191,6
KLRC3,1.0982530978058866,1
FRMD4B,1.0971900149587483,4
AC006058.1,1.097160636010112,6
ARAP2,1.0968175589816818,4
GNG4,1.0959286931160768,4
HELB,1.0958685568942002,6
NOTCH2NLC,1.0955284097929652,3
HIST2H3D,1.0946886048452307,4
ATP9A,1.093165329823814,1
MRO,1.0926801851804302,3
CSF1,1.089876263856801,6
CCDC141,1.089111646097737,8
HIST1H4L,1.0865703046097606,4
NIBAN3,1.0845143678649762,7
MUC16,1.0839609316497647,7
FNBP1L,1.082195495013804,3
AC011815.2,1.0820455463929382,5
A2M,1.0815981408987143,3
CLEC2B,1.0806527761259526,5
LINC01800,1.0801050234895948,6
AL137060.3,1.0792580202546775,6
SNTB1,1.0785420949899471,4
STX16,1.0783794127688917,8
IGHV1-3,1.07821691108319,4
RGCC,1.077190532141049,3
FRY-AS1,1.0771665144812406,4
AC246817.2,1.0764944626861321,6
XCL1,1.0757744099129993,4
WDR19,1.0753445351696553,5
KIR2DL3,1.074392097386754,2
HOPX,1.0741870056472007,7
IRF8,1.0716792322886077,5
ADGRB1,1.0710772712375025,3
JCHAIN,1.070318017174249,6
ZNF252P-AS1,1.0692799110423616,4
HBA1,1.0685845469417334,4
MX2,1.0678899492078988,7
RHOXF1,1.06785365376022,4
AC010175.1,1.0647641718545757,3
DUSP6,1.0644446910259129,5
AC008875.2,1.064135751721872,5
IGHA1,1.0638608801267306,4
RUNX3,1.063697093931481,5
MAML2,1.063376669880534,4
NCAM1,1.0632044453333376,3
VPS37B,1.0615196355621528,5
SLC6A16,1.0600945980824352,4
OTUD7A,1.0600452654760424,2
LRP12,1.0595816644446518,1
AL365255.1,1.0580464046674258,1
TRBV10-2,1.0576457355275466,1
SLC4A4,1.0572626808751855,1
PRSS57,1.0568688237610473,1
AC103702.2,1.0562405815252982,2
KIR2DL1,1.056109335440018,1
HIST1H2BE,1.055886717910122,6
MYO3B,1.0556435886411404,2
KIF19,1.055373222944531,2
RORB,1.0553519528550162,1
ID3,1.053375796199826,5
C8G,1.0525981564864106,2
GOLGA8O,1.0516988123220024,3
LAYN,1.0478945639128605,3
IRX3,1.047738091487908,3
SIDT2,1.0471226478159519,4
CDO1,1.0451600283591551,3
IL7R,1.0438415222555086,8
ITGA4,1.0402414840039873,7
COLQ,1.0396319544883879,4
IFI6,1.0375127679455016,4
STMN1,1.0360144311719726,5
AC245014.3,1.0339919745013801,6
AC025164.1,1.0301446882173932,5
ASIC1,1.0299367378075557,2
ATP2B1-AS1,1.024972472892879,6
LAMA2,1.0226098622692954,3
AKAP12,1.0186175027255142,6
DENND3,1.0154464549506914,4
ICA1,1.0146465596818395,4
FOSL2,1.0145995836286505,6
KSR1,1.014523704462676,6
KIFC3,1.0141967538254593,3
PLAUR,1.014053822337813,5
HIST1H1D,1.0128773233520605,6
CTRL,1.0054516117733727,3
AC110769.2,1.0036910251277038,4
CCL3,0.9974595391516237,8
PHF21A,0.9959538136831587,6
SGK1,0.9956500547727758,4
AC093010.2,0.9954812984625735,5
BORCS5,0.9942630820986972,5
F2R,0.9890351764668364,7
NPR2,0.9877371118721199,4
ATF3,0.9862867538972894,4
ST3GAL4,0.9847738600778115,5
NOTCH2,0.9839205645999619,5
CLEC4C,0.9828548618249955,4
SLAMF7,0.9822012898998475,5
EAF2,0.9820878559999301,8
SLC38A2,0.9820297236171804,5
HIST1H2BB,0.9805205997220025,6
LCK,0.9803427752033486,5
FYN,0.9798035435060851,8
PRKCQ-AS1,0.9771090853665565,3
RASSF6,0.9736186722217731,6
CD79B,0.9733303981262473,3
STAT2,0.9720223713906019,7
CD6,0.9711976405698327,6
ARRB2,0.970545793233926,8
TRDC,0.9703358888745219,2
FGR,0.9653922973755854,5
IER5L,0.9630678716201333,7
LILRB1,0.9628421124040504,6
NLRP1,0.9544754658051667,5
CCR5,0.9539534109403729,5
TSPAN13,0.9524363487610255,5
TKT,0.9516812357257052,5
AP000692.1,0.9512184758546093,4
CD300A,0.9506925721059375,5
PRDM8,0.9505877435215805,3
CAVIN3,0.9496710599937274,3
IFI30,0.9487349553984752,4
ITGAM,0.9460166774845915,6
MGLL,0.9455520955376587,4
SOCS3,0.9451264932043513,6
HCG27,0.9433482889454358,4
ADGRE5,0.9414665200700176,5
LYL1,0.940071186212045,5
GPRIN3,0.9392695816306417,4
CD24,0.9379723051397217,4
P2RY11,0.9368832889009073,5
HSPA12A,0.935305254388715,4
KDM7A,0.9345317254572386,4
RGS2,0.9344914460236755,6
EBLN2,0.9335388107193942,5
GZMA,0.9335253242506293,9
HEMGN,0.9335192658576713,2
RNF166,0.9327156829162437,4
ANPEP,0.9320895695047402,4
SIRPG,0.9316750714508419,8
STX1B,0.9312828125288681,3
XCL2,0.9306291542362648,5
AC016831.1,0.9295129068961734,6
CLEC17A,0.9287618787354233,4
AC092164.1,0.9278417829446721,3
TLR4,0.9276859312603372,4
FILIP1L,0.9242083544088088,4
CCND2,0.9237341401574912,5
LILRA6,0.9231994693310723,3
MAP3K8,0.9202315597182117,7
ZAP70,0.9172834409139261,6
CYBB,0.9158844739153491,6
PIM1,0.914921965043622,6
CCDC88A,0.9134003463858303,6
CCDC191,0.91224175786093,4
WDR11,0.9120730554132689,4
FOS,0.9112402724575167,10
HIST1H2AH,0.9095893696265444,6
AL137857.1,0.9042694275769328,5
ROR1,0.9041646553374292,4
ANKRD36C,0.9033473156267863,4
HSPA1B,0.9030095149141637,5
GZMK,0.9025054468570133,9
CEBPB,0.9019037439377203,3
ACSM3,0.8994460652550831,5
CPAMD8,0.899015896973035,1
MIR222HG,0.893894331911318,4
ZNF540,0.893887675770667,8
XK,0.8930748906356749,4
KIF2A,0.8907147990638328,7
NR4A1,0.8904439198841637,4
CCL5,0.8895747105306655,10
TMEM154,0.8877572663024996,5
IGFBP4,0.8873529143624596,5
SLC35E2B,0.8872920597472289,5
TNFRSF4,0.8832006639015149,8
CIITA,0.8826925744174593,5
TRAF1,0.8813649067430321,4
HIST1H2BG,0.8808425431109603,6
HLA-DMB,0.8779373445223361,5
PMCH,0.8769958573161567,3
MIR155HG,0.8752906697346797,7
HIST1H2AG,0.8746998245386162,8
Z93241.1,0.8734867144126278,5
CAPS2,0.8712081006828106,3
IER3,0.8695728610943417,6
SLC9A3R1,0.8685709655859404,6
HIST1H3C,0.867372500345166,4
AL359513.1,0.8669323108818191,5
HIST1H2AI,0.8661949729560098,5
KCTD12,0.8651360874818133,3
HIST2H2AA4,0.8575193163425846,8
PNMA5,0.8555600286667386,8
MAL,0.8553112466459966,5
FOXD2,0.8537476982315841,5
ARRB1,0.8524831010751659,4
LTK,0.8498576781624684,6
MORC3,0.8491644471185053,5
FRMPD3,0.8475466893672327,4
HIST1H2AK,0.8467928482890801,5
NKG7,0.8459429769442278,10
SAMHD1,0.8450131357911953,5
LINC01857,0.8447693651594393,4
TRBV29-1,0.8437963635683919,6
FTX,0.8436229317614544,5
TRIQK,0.8429062916721914,2
CHST12,0.8404116828322921,3
ZNF107,0.838529820942431,4
NUAK2,0.8337801413970853,7
BCL2L1,0.8330368088850609,7
ADD3,0.8328751295394653,5
EGR1,0.8328301467987708,6
CX3CR1,0.8319402061031054,4
KLRB1,0.8315903713971105,6
MAPK8IP3,0.8313611985121522,5
HIST1H1C,0.8300181967923806,6
TRBC1,0.8298586051334301,3
AL359834.1,0.8288143971953571,2
TRPM4,0.8278151204596699,3
LANCL3,0.8273636873509623,3
DMXL1,0.8270951538937609,3
SH3TC1,0.8266317369152201,7
CDKN1A,0.82362020074353,5
PNMA8A,0.8189136583836256,4
GZMB,0.8185237844872464,9
C2orf88,0.8181051785192867,4
CXCR4,0.8158039436831659,10
ZNF831,0.8154194113013419,6
SESN2,0.8115855490022208,5
TNNI2,0.8102587418552545,4
NAMPT,0.8100204957533164,4
LAMP3,0.8081913831475481,3
WARS,0.8023920559028422,4
DDIT4,0.8010833901970831,6
CAMK1,0.7971112675772926,5
PHLDA3,0.7947630151820971,7
PSD3,0.7937836574429463,4
SGMS2,0.7926994500155995,4
NFATC1,0.7922199630795945,5
DMTN,0.7912382213000968,3
ITGB2,0.79016615502087,6
ZBP1,0.7894856830820293,5
FGD6,0.7875643329345944,4
DLEU2,0.7857058961107506,6
PDE3B,0.7856050135476457,3
TRAF5,0.7854561177960339,6
ITGAX,0.7848594226551158,4
ADA2,0.7837018342571309,5
ZYX,0.7835153533556224,4
MCF2L,0.7824058306530598,3
NFIB,0.7823584422366325,3
CALM3,0.780552645278964,7
NCK2,0.7805066985993214,6
CXCL16,0.7790761762177727,6
SLAMF1,0.7776840251965982,4
SLC11A1,0.7768935243025856,4
AL109811.2,0.7765186651048674,6
CRTAM,0.7764644070857225,4
TCTN1,0.7761962261662962,6
CDKL1,0.775386374644251,6
CRACR2B,0.7740787094449277,5
SPATA1,0.7701068063202414,4
MMP17,0.7697256625556329,5
MAP1LC3A,0.7695336783298309,5
FRY,0.7690676671932475,3
CKS2,0.7670616279080026,4
C3AR1,0.7659533514329003,5
FCN1,0.7658523426419033,4
CDC20,0.7620077573353119,7
JAML,0.758615836310102,3
MS4A1,0.7525251576112396,6
SYNE1,0.751580132134953,6
GABPB1-AS1,0.7499747879339618,4
ATP2B4,0.7495691755205722,5
MYO7A,0.7491648235364716,4
BIRC5,0.7482267567514823,5
CD79A,0.7480581533050078,5
ARHGAP32,0.7478246952996574,3
MVB12B,0.7458761252913932,5
OGFRL1,0.7449892375882815,5
CXCL13,0.7429116085352875,8
RNPC3,0.742722370844529,5
LINC01011,0.7397376449636104,4
MZB1,0.7377677926280284,5
DOK2,0.7367925554967217,5
MIAT,0.7360117391535824,6
SYTL2,0.7358595831271457,6
ATF5,0.7326591765909871,6
RHOB,0.7315704910754496,3
S100A12,0.7310202533957635,4
CD226,0.7295483855154863,3
FCGR3A,0.7292381623037301,5
PLA2G12A,0.728829749463616,5
FGD4,0.7266232020478269,5
BACH2,0.7263697125184015,7
LIME1,0.72395076467824,8
BMERB1,0.7176288663524123,3
ASPM,0.7152909439278426,5
PHKB,0.709055245843405,7
C16orf74,0.7081394841178584,5
TRBV10-1,0.705028725255195,1
TTN,0.7048033299083223,4
TMEM140,0.7047927505771546,2
MAP1A,0.701563275756405,5
RIC3,0.7012405112784058,5
KLF2,0.7001494123511554,6
FOXP3,0.6999985842028569,5
SFMBT2,0.6999143387416702,4
OASL,0.6997734941508509,4
ZNRF1,0.6992638377063736,5
TPM2,0.6989128980293569,4
ACTN1,0.698091855262244,5
CDK6,0.6910207726958764,4
CLDN5,0.6909904329621411,3
IGHG2,0.6903568568359698,3
IGLC3,0.6880854933489894,7
FCRL3,0.6873270769680404,7
AC008875.3,0.6829680545697938,7
CMIP,0.6828765990022388,2
GPM6A,0.6827291299031347,6
TNFSF14,0.6804606483040913,5
ZFHX3,0.6801372081009475,6
TST,0.6798091336181363,5
CRIP2,0.679304747243741,8
SENCR,0.6766282463173602,3
FCRL5,0.6744318045615245,7
SIK3,0.6728908082588219,4
XBP1,0.6728733809101867,5
IER2,0.672872801865374,5
HIST1H2AE,0.6725038311491615,4
DNM3,0.6718086199141331,5
LTB4R,0.6717512926817143,4
PTPRE,0.6716540894622751,5
GSN,0.6709180179934588,4
CCNA2,0.663071591700086,5
HERC5,0.6608203519523068,7
JAM3,0.660642091345702,3
LST1,0.6593903577082593,4
PPP2R5C,0.6563718418007259,6
IKZF2,0.656163142421254,6
TRAV40,0.6543480829033657,1
LGALSL,0.6541373832505327,3
RRM2,0.6512840546463455,9
AL359979.2,0.6509518105765216,3
SULT1A1,0.6496585988225475,4
LILRA4,0.6430423930246357,6
TSPOAP1-AS1,0.6379148207921714,6
BANK1,0.6363977748657338,7
RNASE6,0.6361841407869785,3
GARS-DT,0.6357300793143896,6
ZNF208,0.6349515073399761,3
FGL2,0.634699072782635,2
MMD,0.6343729293665434,4
S100A9,0.633963937874606,5
MFSD1,0.6339301084032068,2
BCL2A1,0.6338604251469896,5
MCTP1,0.6292881438339984,4
ORAI2,0.6247853969534609,5
CMC1,0.6225268053741306,5
RSU1,0.6215569724069518,3
SPAG5-AS1,0.6183648761190439,5
MYADM,0.6173774684597577,6
MARCH2,0.6166810427255665,5
SAMD9L,0.6166362065315225,3
CDKN2D,0.6127943343851255,6
AC116366.2,0.6127933331280963,2
ITGAL,0.6122319259051547,6
SLA2,0.6121777879289643,6
THBS1,0.6121264678692453,3
PF4V1,0.6053827543771882,6
SOCS1,0.6049204679042126,6
CD302,0.6044338331873347,3
NORAD,0.60130693269906,2
MX1,0.6006122598580125,7
ATXN1,0.5999092566013096,5
GUCY1B1,0.5994725303180333,5
GABRB2,0.5967654361571183,3
TIGIT,0.59637571911024,4
LINC01480,0.5962970139154111,5
LINC00426,0.5946566827509373,6
RIPOR1,0.5938304959976507,4
COL9A3,0.5930585881100903,4
DMXL2,0.5915836563611716,4
FKBP5,0.5910144562296741,4
RMRP,0.5895867800656934,6
HAVCR2,0.5858502655845977,5
HSPA5,0.5855952617286225,6
LYAR,0.5855687661821922,5
SRC,0.5854968080619354,6
CST7,0.5824761862224324,8
HIST1H2AC,0.5819373271276969,6
FN3K,0.5803238992956161,5
MEF2C,0.579687533937333,6
SUN2,0.5791395197242841,5
AC127502.2,0.5778578489897302,4
NT5M,0.5772425735458724,6
F13A1,0.57707676104405,4
HBG1,0.5725392854112076,3
HBEGF,0.5711937769928281,4
SPECC1,0.570279949380585,4
DUSP2,0.5697446630269768,7
KALRN,0.5687211761428752,2
LILRB3,0.568161934795496,4
H1FX,0.5680830923030885,9
LYPLAL1-DT,0.5676434389521784,3
LGALS8,0.567004127098494,5
CRYM,0.5657778882517142,5
AC243829.1,0.5652443791105816,5
LEPROT,0.5649413615835317,3
GIPC3,0.564446738405009,4
RRBP1,0.5641767021363805,4
ATP2A3,0.562535379728503,4
ADAMTS17,0.5622935002140756,1
TLR2,0.5611800993409919,2
HES4,0.5609815965893507,4
S100A10,0.5572418494485506,5
MS4A6A,0.5548895230824233,3
TOX,0.5518210056581937,4
MAN1A1,0.5504853616148044,6
PIK3IP1,0.5494591835385272,4
METRNL,0.5480853472432956,5
APOBR,0.547139306251665,5
ZBTB48,0.5464369226630015,3
TSPAN33,0.5460315089760855,5
HIST1H3B,0.5457426330166009,7
FASLG,0.5456216095083223,4
AC008105.3,0.5451360680738347,7
RCAN2,0.5445974717791582,7
CHI3L2,0.5439434260538595,5
ZNF439,0.5437510176319545,5
METTL7A,0.5428459773176588,4
KLHL14,0.5425767123628887,4
NFE2,0.5405118499492505,3
TXNIP,0.5386060596722597,9
FAM214A,0.5384968111515092,4
TRABD2A,0.538274378054766,3
MYC,0.5379999226507853,6
RGS4,0.5370057028993409,1
PACSIN1,0.5365226821857434,4
SMIM3,0.5354692317208898,5
F5,0.5353124512142928,6
MTURN,0.5348935268366565,6
CTLA4,0.5331339748604583,7
GNLY,0.5299306446908744,13
ALDH3B1,0.5298341328832555,6
AC253572.2,0.5278171114602209,5
TSPOAP1,0.5270344965441994,4
AP000547.3,0.5264699954124636,2
MBNL1-AS1,0.5263950628328301,5
IL17RA,0.5260765713229931,4
LINC02384,0.5252021086107819,3
IRF7,0.525170539597005,4
HIST1H3J,0.5246779152933564,8
AIRE,0.5232901559645854,8
SIRPB1,0.5223348524701363,4
BLVRB,0.5207016129781953,4
TLE1,0.5197195329504886,5
TYMP,0.5169547755756673,4
VSIR,0.5145117693329474,5
EHD3,0.5143039284332157,6
SLC31A2,0.5130771692084899,4
ARL4C,0.5130630878450501,9
CPNE5,0.5127458393081452,4
TNFSF13,0.5112741375667866,3
RGS18,0.5091902560590362,5
TREML1,0.508909370527483,4
NLRC3,0.507567804881845,4
ITGA2B,0.5068733585696598,4
SIGLEC7,0.5067768892834117,3
ZNF185,0.505927896981889,6
PLAC8,0.5053669829681009,4
SIAH2,0.5051827773848117,4
RDH10,0.5048595515783837,5
TPST2,0.49726663912139674,7
ANKRD9,0.49655252997585975,4
PDZK1IP1,0.49514009322367625,1
RNF213,0.4943509547795532,10
PAM,0.49395832365343006,6
AL445524.1,0.49394465191304615,6
AL138824.1,0.49123050086511105,5
SFTPB,0.49111007267996704,9
MAML3,0.4905331422573151,2
CD36,0.49035137677351753,5
HIST1H4E,0.48935557002493374,5
GBP1,0.48647758424936133,5
XAF1,0.4850799765826086,5
BIN2,0.4839372656616684,6
VPS9D1,0.48316146445470365,5
IGHV1-24,0.48282009486534205,9
PATL2,0.48281761427134057,5
CYTOR,0.48277343104913006,6
DMD,0.4821102859142284,4
CCL3L1,0.4815926239954119,5
CDKN1C,0.4808340580341036,6
PCSK6,0.48006068740672764,4
GPR55,0.48005825969726623,5
TRBV7-4,0.4799823534686585,2
EPB41L3,0.47876612486309666,1
TMEM131L,0.47847868837967084,5
TNFRSF9,0.4780912016819149,5
RGPD2,0.4775048438277804,3
DAPP1,0.4734366007161097,4
TNFSF4,0.47296340991822594,4
MACF1,0.47165251635951605,2
SNCA,0.4710722870210808,3
IGLC6,0.4704969598408064,8
TUBA1A,0.4692031537649012,5
TUBB3,0.46893596877948973,6
C19orf33,0.46776754833805106,4
HIST1H2BH,0.4657079854383348,4
COBLL1,0.46474626757463045,4
CXCL5,0.46421799374738115,1
IRF1,0.4631614095503422,5
LGALS2,0.4602594133148315,2
TGFB1I1,0.4599369701911363,2
TYMS,0.45912017083645884,5
CH25H,0.4580789827067651,3
BTG2,0.4580229839210211,5
DDHD1,0.4558631591809553,7
AP001189.1,0.45537832718704235,1
IGHG3,0.45427468317312675,6
GADD45B,0.453853656696834,5
TGFBR3,0.45196049725450166,4
BMP2K,0.4508599310663387,2
NLRP3,0.45003432969456647,3
CLEC1B,0.4497732460688944,4
TMBIM1,0.44963068036539966,4
EVA1B,0.44937144066256257,6
GMPR,0.4493587235729469,4
RTN1,0.44862552956083285,1
PLEKHG1,0.44720670945196295,7
AP003068.2,0.4457641613679241,4
BEND2,0.4457633042719347,2
CD2,0.44514048257641065,7
TSPYL2,0.4451270548062389,5
GPX4,0.4449661458688422,4
IFIT3,0.44467783854284937,5
AC123912.4,0.4437238901629701,1
CD70,0.44115684260352733,6
ZBTB20,0.4404670974717493,5
KLF10,0.4383962721790673,6
ANO9,0.4375207341407073,6
ODC1,0.4369078316980078,5
RASAL3,0.43679335319572266,5
TRGV3,0.43664472019379963,4
NUSAP1,0.43637538729141206,6
LRP1,0.4348506850760103,4
CISH,0.43344788459458056,4
IGKC,0.43324389811682323,6
MBNL2,0.4303161210674098,5
HIST1H2BF,0.4287802287877339,4
CFP,0.4281302639726063,3
ARMH1,0.42781997207075584,3
MKI67,0.42724053292680175,6
TM6SF1,0.42455570557449873,2
SH3BGRL2,0.42409046322199045,4
UTRN,0.42391759298797566,7
HBG2,0.42354182678055424,5
NPL,0.42251069436997507,4
COL9A2,0.42121742705398524,5
AQP10,0.4212167982608852,1
CFD,0.42096654637260733,3
TMEM158,0.4195723568637341,3
GFI1B,0.4191629089032999,2
PHLDA1,0.41885758557577507,4
IFITM1,0.4183665056241983,12
TSC22D3,0.4183541060622705,8
CADM1,0.41556386975050436,6
CD14,0.4136513100891066,3
ALOX12,0.4135935734169357,3
TBC1D8,0.4113767868882389,4
LIPC,0.4108746345753791,1
IRAK3,0.4099836223496848,2
PAGE2B,0.4097830520158472,4
TGFBI,0.409317487915382,5
STK38,0.40570442009387825,4
LINC00989,0.4047170417276986,3
CD38,0.40464689315677355,4
CLIP2,0.4040631833361814,4
LY6G6F,0.40387212491079805,3
CMTM5,0.4037506738098568,6
PTPRJ,0.40298206308073087,4
CLEC12A,0.4016055136126954,4
AF213884.3,0.40107184366343834,4
NFAM1,0.3991728726240942,3
HIST1H1B,0.3981340520967122,5
TRIM58,0.39792701740818226,4
ALDH2,0.3978486462273053,5
TAL1,0.39707539119545704,3
TNFSF10,0.39665767900811205,4
PDE5A,0.39650932657573124,4
GUCY1A1,0.3957002824967398,4
MS4A4E,0.39455076379694165,6
TNFRSF18,0.39432323696083693,4
ARHGAP6,0.3942658113677733,2
LGALS1,0.3941627416714218,6
ASGR1,0.3938342211389794,2
TNFAIP2,0.39353562843152673,4
TNFSF13B,0.39348552013776156,6
KHDRBS2,0.3918305193792896,5
PAFAH2,0.3901539588515812,6
TXK,0.3853105976719952,6
MINDY1,0.3839353752971193,4
BIRC3,0.3834112479121471,6
AC104389.5,0.3828807525984859,4
KCNE3,0.38177673983447113,1
IGF2BP2,0.38163643546219367,2
GLCCI1,0.38151252440336825,6
CAV1,0.3802081680442907,5
CCR7,0.3800353552804532,5
BHLHE40,0.3797812402849785,5
ARHGEF40,0.3796923359546758,5
STAB1,0.37914576451055876,3
IFITM2,0.3790176627857928,7
BX255925.3,0.3785836900799347,4
IGFBP2,0.37801730438247905,4
PLPPR2,0.3779775766004954,2
SPATA13,0.37692120094430065,4
UBE2C,0.3766118890656437,7
DYSF,0.3763117689420024,2
PROS1,0.3761227152444152,3
IL4R,0.3760645117540011,5
DOK6,0.3756871888791713,3
NFKBID,0.37525264277739384,7
CCND3,0.3750547105801198,4
MPP1,0.37446176086226163,5
HNMT,0.37414805238696713,3
MICAL2,0.3737158719225948,4
APLP2,0.37311857955234634,4
CCL4,0.37283612211336425,12
GAS2L1,0.3726449215017733,5
ADTRP,0.3722982342776519,5
IL1B,0.37221216780567556,2
ABCC3,0.3721465812351991,2
FRMD3,0.37212107162252367,4
NCOA4,0.37202552451717363,3
CREB5,0.3710189210944732,2
AC020916.1,0.3703166642669859,5
CD163,0.369953945792439,1
VCL,0.3697425398702846,4
ASGR2,0.369704722368173,3
SPON2,0.36952979239353717,4
LGALS12,0.369499321592683,3
TREM1,0.36948579561237427,2
GLT1D1,0.3690571533846572,3
ITGB3,0.3687977494984409,5
FABP5,0.36858561779848165,2
MGST1,0.36786687519335826,2
SAMD4A,0.36784816038967205,3
ALDH1A1,0.367826826273752,3
TNNC2,0.3671933386121083,3
FAM110A,0.36633286398295795,3
PRAM1,0.3662095451063561,4
CTSL,0.3656539961065895,3
S100A8,0.36365720601110657,6
TMEM40,0.3630329360294921,4
G0S2,0.3629654913087003,4
RAB6B,0.36269975521376957,3
PLXDC2,0.36197829430765394,3
CD33,0.3618687951840695,2
SHTN1,0.36098546038666246,5
SCO2,0.36017447061934593,5
SIRPB2,0.35999893371316316,2
CCR1,0.35950095918113384,2
P2RY13,0.3594109805890707,3
LINC00937,0.3590881374230973,3
ABCA7,0.35792422724603995,4
RUFY1,0.3576530875845532,4
SLC20A1,0.3571276027905466,3
PID1,0.35693310561272595,1
ABLIM3,0.35686897272101187,1
CD300LF,0.3565371522002908,2
IGHG4,0.3552303584883214,4
FCGR1B,0.354453393561243,1
MEFV,0.3544477851204427,1
CYP1B1,0.3543857347305642,4
BST1,0.3542985663007276,2
AL355075.4,0.35262306170864016,5
CSF2RA,0.3525702555557155,4
OSCAR,0.3502172458444221,1
CD93,0.34983307899403915,3
BICDL1,0.34968257195199953,6
TRIM16L,0.34853784428693574,3
LILRB4,0.3477787391548884,6
AC020656.1,0.3476990140740941,5
BRI3,0.34728236249397026,3
PTGIR,0.3469169586434542,5
PTAFR,0.3467950260891328,3
GP6,0.34661895022748895,3
CAV2,0.3464556582036326,2
CENPF,0.3462817856371426,6
SCN1B,0.3461364783370741,3
LRMDA,0.34608790497569064,5
FCGR1A,0.3459505077004957,3
SORT1,0.3454204460142529,4
LPCAT2,0.3447303254439836,1
HSPA6,0.34470224064739124,6
CDA,0.34402636587762453,2
ENKUR,0.34380716815010554,2
AP1S2,0.34338758339341885,3
MYOF,0.3430040782831503,3
ZDHHC1,0.34251418505616815,2
DAPK1,0.34207806784781264,3
EIF2AK1,0.34169982529321213,3
SLC24A4,0.3413304881220158,3
PYHIN1,0.340840158784209,4
ISG15,0.34047729024515205,4
GPBAR1,0.3404535522510526,3
CHD3,0.3402625050964138,4
MYBL2,0.3399005319733168,3
IGLV1-47,0.3398878417960094,3
FCER2,0.3396841720641618,5
LINC02432,0.33954823406485657,1
LINC00877,0.339384771984684,3
LAG3,0.33894263356308496,5
AC096667.1,0.33829684910111835,3
RBP7,0.3380342517692586,3
DUSP1,0.3361934927480892,8
PDGFA,0.3353854093933851,4
PBXIP1,0.33532257249216035,4
INAFM2,0.3349214389933699,3
SECTM1,0.334264747882541,2
LRRC25,0.33373873887104555,6
MS4A7,0.3329350021359053,2
ASAP2,0.3306009089189068,3
PAPSS2,0.3302453699972183,3
SMAD1,0.3302103875496001,4
DOK5,0.32861179154027104,4
IGFBP6,0.3284873274225154,2
DAB2,0.328368447416429,3
AL731557.1,0.3270018104741656,1
AL627309.5,0.3266100471006463,5
PTGS1,0.3262976926675289,6
FNDC3B,0.3258999325473822,6
FHL2,0.32568278144481316,2
LYPD2,0.3255999001080563,2
MEIS1,0.3244683615294223,2
ARRDC4,0.3235342915857582,2
TUBA8,0.3235040324431124,4
PECAM1,0.3218152405540479,6
SPNS1,0.3203237595886139,3
TMEM176A,0.319495458297537,1
SCARB1,0.3191368401202701,4
SLC8A1,0.31704140855435525,4
MARCKS,0.31647803332314495,5
CTDSPL,0.31408303150253236,4
HIST1H2BJ,0.3128231597560797,7
ARAP3,0.3123265203895306,3
APOBEC3A,0.31187332473437274,1
AL627171.1,0.3109934493285677,3
LCN2,0.3102023215119331,4
S100Z,0.30934664821661334,1
MEGF9,0.30908480847036995,7
PTPN18,0.3086962693520818,5
ADGRE2,0.3084961287884077,3
BMP6,0.3084769733063385,2
FPR1,0.30838948818919004,4
GPR35,0.308090226869402,4
ITGB5,0.3077760583389426,4
KCNMA1,0.30775200129002034,2
CD72,0.30715448502387793,5
HDX,0.3065653955738316,3
TBXA2R,0.3062100068648369,4
SERPING1,0.30594732556273385,1
IL3RA,0.30576832103404983,6
AC090409.1,0.30571578473686645,3
ATP8B4,0.3046331535608232,3
TNFRSF25,0.3045971658486158,4
LINC01503,0.30327673750314504,2
MAP3K7CL,0.3031619187944529,4
TYROBP,0.3027946313153918,4
TENT5C,0.30234105143898005,4
OSBP2,0.3020310328893887,3
C1QB,0.301919740253934,4
PMAIP1,0.3017555892752446,4
SMOX,0.30128144828292835,2
SMIM5,0.300864372875637,6
KLF4,0.299740694748668,5
KCNMB1,0.29965670981108244,1
MBOAT2,0.298928150058384,1
NEFH,0.2974839681868425,2
SERPINF1,0.29703127828471343,4
AC116366.1,0.29680844652229205,3
CUEDC1,0.2966547110034067,1
HECW2-AS1,0.29631507545172536,1
NID1,0.29580049628614696,2
MARCO,0.2951191188922917,2
SOD2,0.29468757258256933,3
C1QC,0.2945540464276716,3
CASP5,0.2943384744537699,3
GASK1B,0.2935847609299141,2
ID1,0.2927505251622216,4
LILRA1,0.29154201629389537,2
HIST1H2BN,0.2915217765237962,6
NECTIN2,0.29134211647727853,1
TCN2,0.2911768970079327,3
PGLYRP2,0.29115649486463163,4
NIBAN2,0.29094313030684055,3
MCEMP1,0.290328947781709,4
CEACAM4,0.28979928479576306,1
IL1RN,0.28943716991115276,1
LUCAT1,0.288910106214585,3
HCAR3,0.28861537510851265,1
FPR2,0.28856779724090814,3
CPED1,0.28855674120665137,2
C11orf74,0.2882492175006592,1
HIST1H2AL,0.28790318104901136,4
AQP9,0.2878905528219539,2
FCAR,0.2878628914206165,1
C5AR2,0.2876587081039625,3
VNN1,0.28750013044936834,3
CTSS,0.28722792364294025,5
CTC1,0.28707821323968846,5
SASH1,0.2870773899759255,1
PROSER2,0.28668051754815554,2
TAX1BP3,0.28630715208327834,4
CD300E,0.28612743758469156,2
NPC2,0.2858503041021755,4
CATSPER1,0.2858397067370651,3
AC104695.4,0.28559767143447296,1
BACE1,0.2853976142093214,3
YOD1,0.2848550281660678,5
S100P,0.2847647965455746,1
PELI1,0.284696042312715,5
AC009951.6,0.2846250344989961,3
CSF3R,0.2836416651999621,4
AC104530.1,0.2836406909992743,6
ST3GAL6,0.2835621437684411,3
GPR162,0.28322566778046654,1
WDFY3,0.2828738869399033,1
CLEC10A,0.2828556582272997,1
BAIAP2-DT,0.2826063409315854,5
ANKRD50,0.282463520102846,1
RNF217,0.28245595737856566,1
CSTA,0.28243967301506784,3
TNNT1,0.2820909441297288,1
PIK3R6,0.2818798130903501,2
AC005076.1,0.2818458767146892,6
AATBC,0.2817484159279146,5
CDC42EP1,0.2817092467668279,1
CRISPLD2,0.2817079393720915,1
CLEC4E,0.28168335922165255,1
ENHO,0.2816411098564669,2
LINC01146,0.2815437280208278,3
CD300LB,0.281472091964994,3
ZNF503,0.2813296498508328,1
ADM,0.2812662403952377,3
PEAK3,0.2812112422702301,2
AC103591.3,0.2810467559414431,6
S1PR3,0.28093643047816835,1
NLRP12,0.28093538168568916,1
RNASE2,0.280918589809602,2
MS4A14,0.28083169890545345,3
FAM20C,0.2807352219342345,2
FAM157C,0.2805199485596562,2
AATK,0.2804385070819793,2
EREG,0.28015859024244927,1
LIN7A,0.2801551721887555,1
AC020658.5,0.28000566490693996,3
GP9,0.2799403353715088,5
AC011472.2,0.27979031660560394,1
PTGS2,0.27978952678945285,1
CHST13,0.2797853143989914,1
VSTM1,0.27978057538391327,1
CCDC149,0.2797795222585504,1
CXCL8,0.2797787324119268,1
CLEC4D,0.27977557300313394,1
VENTX,0.2797721502700128,1
FAM198B-AS1,0.2797713604025767,1
CYP2S1,0.27976293501116534,1
PLA2G7,0.27972822533915376,2
MSR1,0.27967270099115726,3
OLIG1,0.27940020362473067,1
TMEM150B,0.27939572172115446,1
DSC2,0.27939308527370105,1
FOLR3,0.27938833960559034,1
LINC01637,0.2792249204096639,2
ALOX5,0.2791879769120333,4
CYP27A1,0.2791514293949868,3
STEAP4,0.27895162833101833,2
MPO,0.27895030801177295,2
LINC02158,0.2788085642608302,4
SPEGNB,0.2786252624204521,3
PRLR,0.27843597698313555,3
CETP,0.2782130183289335,5
ASAP1-IT2,0.27815320653126846,3
SEMA6B,0.27809193178332897,3
TOP2A,0.2779434687777123,5
RAPH1,0.27786564309767503,4
VNN3,0.27785165242723947,4
MARC1,0.27770636653307373,2
FOSL1,0.2776645736183641,2
CATIP,0.2775620947102223,4
HBB,0.2772808818391698,6
PLB1,0.27725343252641865,4
AC004069.1,0.2771319032986008,3
ARHGAP44,0.27712431337934645,5
RIN2,0.27699845872036805,5
DPEP2,0.27671012407396284,5
RAB32,0.276596472014564,5
F12,0.2763898123465382,5
AC005280.2,0.276378636505473,5
EGFL7,0.2758514602309511,4
AC147651.1,0.2752886658154503,3
LINC01220,0.2748838154475157,3
DDX60L,0.27469028458863337,6
SLC1A3,0.27421501256721614,4
MIR3945HG,0.27406141349211205,2
CMTM2,0.2739678700460261,2
SERINC2,0.27396650563426794,5
CYP1B1-AS1,0.27349280715011565,3
THBD,0.27324552292965304,2
PSTPIP2,0.2726156699021733,4
LRP3,0.27238833972740867,2
DTHD1,0.2722501724922441,6
CD74,0.2717596886244953,8
NIPAL2,0.2715266025308851,5
GHRL,0.2715237981641206,3
RAB44,0.2711881855741627,3
IQCD,0.27094225844386904,4
SOX4,0.2703398482293955,7
SEPTIN5,0.26791340823776477,3
JUN,0.2668671749942744,9
MUSTN1,0.2660816966665998,4
CST3,0.2659337303981438,9
GRHL1,0.265933344584483,4
AC006059.1,0.26584070737815396,3
GNA11,0.26508985065818286,2
SPI1,0.26501378238444395,5
FCGR2A,0.2649425434363739,4
XIST,0.2646185150125403,4
ILK,0.26388628142681575,4
IFRD1,0.263197089945389,5
TPM1,0.26243395336450626,6
AC009093.2,0.26137125162556074,4
CABP4,0.2606594247502364,7
IGLV4-69,0.2603150543606261,5
PPP1R14A,0.2600869151861208,2
DLG3,0.259198583497905,4
RAPGEFL1,0.2577383961461319,4
GP1BA,0.2574762215571182,3
AC005632.3,0.25694718103489916,4
LMNA,0.2567200369833846,3
EFHD2,0.25670388696350555,5
SHROOM1,0.2559735683146157,3
LRRC24,0.25567567803351643,4
TBXAS1,0.25506194288688994,4
PKN2,0.255045558933529,4
LINC00612,0.254738280755593,2
HIST1H3F,0.25440525483260046,5
SNHG14,0.25392734887253976,6
ACRBP,0.2535758277136878,2
EDN1,0.2531922672031203,5
PPP1R15A,0.2524755400888769,5
HK3,0.25246084582597433,3
MARVELD1,0.2522416637761409,4
RB1,0.2509295311196414,3
PLEC,0.24812840395396246,5
LIMS1,0.2471818994783242,4
ADORA2B,0.24664550547511987,4
MYLK,0.24554425170652636,5
CD83,0.24443613122602234,5
NFKBIZ,0.24147810022650065,4
MPIG6B,0.24106346146370305,6
CLTCL1,0.24053645924293646,4
HIST1H1E,0.2403741722348951,5
CXCR6,0.24019065816880042,7
YWHAH,0.2397708041065658,3
ITGB1,0.237130199237078,4
NCF2,0.23604679236277895,5
RGS10,0.2336303237556119,3
PLXNB2,0.2334338318014799,6
TMEM86B,0.23141206256192648,4
PNMA1,0.23072741598337845,5
LDLRAP1,0.23044235612503858,4
SMIM25,0.22985852108074645,2
ANO6,0.22980908161925612,5
LDLR,0.22918453134674058,4
CD27,0.22894302789791812,6
SELP,0.22678708135397427,6
FCER1G,0.22486278394175707,6
INKA1,0.222872768805709,3
TPM4,0.22251023034803555,5
C1QA,0.2217076005755632,5
TSC22D1,0.22048973420756554,4
C5AR1,0.22030330054809974,4
CD9,0.2191439545310127,4
LTB,0.21830822144614298,8
MAX,0.2177792316082105,3
ZFP36L2,0.21689900482921282,7
ABO,0.21646573969201774,5
ESAM,0.21532000618078775,6
LMO2,0.21482320364028312,5
NT5C3A,0.21384370549028742,4
GPR132,0.21194954333213142,6
FXYD2,0.21130854546142466,7
SNN,0.2103989420656137,6
LPAR6,0.2091803331512377,5
SLC40A1,0.20851003411840946,5
SEPTIN11,0.20839247342344186,3
PARVB,0.20813695555733427,4
ACTB,0.20787279955192187,6
WIPI1,0.20783714899987227,4
CD68,0.20772101647013047,5
FAH,0.20650273889599763,4
STMN3,0.2053374235636201,4
HLA-DQB1,0.20484387555231162,7
STX11,0.20398608426106407,6
IL10,0.20279205013212312,5
CAVIN2,0.20214988813216755,4
TGFB1,0.20200941296356975,3
TRAV30,0.2019716150851209,2
CD151,0.19790397616201935,4
VMO1,0.19776671587291528,5
TET1,0.19629421453992418,5
TMEM176B,0.19573725114307336,4
LILRA5,0.19428789074027142,2
FXYD6,0.19322789984541916,5
HIST1H2AD,0.1924287395767443,4
MYL9,0.19232491637460356,4
PGD,0.1921990622378651,3
CLEC4A,0.19214189789300798,4
IGKV3-11,0.1915311910575777,12
HMOX1,0.19143051925283175,5
LFNG,0.19029046792229856,5
TRIM73,0.18939138115617116,4
FOSB,0.18849944893578763,5
ADAM8,0.18778045187613251,5
CTTN,0.18728344086158294,4
RPL32,0.18717739128845076,7
STAT1,0.18615064453874072,5
AGBL3,0.18508154187912557,4
CTSA,0.18349702110843055,3
TESC,0.18206489002177217,6
ASAH1,0.18120529272730485,6
RPLP0,0.18056996541505735,4
COCH,0.17931672186862346,4
PRKAR2B,0.17881218388493764,5
BATF,0.17746721729272558,2
ELOVL7,0.17738819918382395,3
SLC9A3-AS1,0.17553427876502714,7
RNF144B,0.1751403869833012,4
LILRA2,0.17208383006575195,3
VTI1A,0.17115799527637354,6
IGSF6,0.17052593010794667,5
FCGR2B,0.1686923245601215,4
TTC7B,0.168429529200053,2
CTNNAL1,0.16823783253510427,4
CSF1R,0.167931159650819,2
APOC2,0.1669916956925772,3
CA2,0.16659219324592664,6
DGKH,0.16635722141539538,5
RPS18,0.16589127298856213,8
AGPAT1,0.16543938214362539,5
TUBA4A,0.16520813870898596,6
CCL4L2,0.16502455950146908,10
GTPBP2,0.16488484963179212,4
NRGN,0.16366364070238046,10
UBE2S,0.16336904691570506,4
CR1,0.16323192604007325,5
CES1,0.16282969249327556,4
TUBB,0.1626614232325476,6
PYGL,0.16188694146155388,5
WDR37,0.16174627509351042,4
LGALS3,0.16038160112306507,6
MFAP3L,0.16011186322391102,2
AC008764.7,0.15744390582921622,5
AC090559.1,0.15713052555054863,4
CALHM6,0.15673849660747907,5
PVALB,0.1566596941780418,2
MAFB,0.15645221724832675,4
SERPINA1,0.15534022761515184,4
FCRL2,0.15493184525535936,3
IGLC1,0.1544278976362247,8
LINC00926,0.15116879831000019,6
SPHK1,0.1510286556171865,4
AC007262.2,0.15042371893226522,5
AC012368.1,0.14984767945497265,6
AF111167.2,0.14984364416875712,4
S100A11,0.14863585390385817,5
ASCL1,0.1477191884449258,5
RPS6,0.14661392975580134,3
HIST1H4C,0.1446274469486447,7
RXRA,0.14161993774561102,4
FURIN,0.13898985371339073,5
CLEC7A,0.1381303196105336,5
AC008763.1,0.13677580318499846,5
HGD,0.13674550008093084,2
TUBA1C,0.13655523064633668,4
ARG2,0.1352540914300596,2
LPP,0.1350833288111234,4
ODF3B,0.1349330934030919,4
TMEM91,0.13362420279998138,3
HIST1H2AJ,0.13359367350126597,5
ZC3H12C,0.13307485105530803,2
LINC02397,0.13190101280448563,4
CR2,0.1313107485565032,5
ARHGAP18,0.12962442718967757,4
SERPINE2,0.12927868688847438,3
PSAP,0.12789888236952585,5
IFIT1,0.12700400809473764,6
CRIP1,0.12597518820401218,6
RGS1,0.12508406088807686,3
GNG11,0.1239936016373757,7
JUNB,0.12260991859948767,5
ABCA2,0.12246582519182125,4
RAP1B,0.12240133776828803,2
CLU,0.11998250792733757,5
CPVL,0.1197328205719422,4
RASGRP2,0.11972962019433003,6
S100A6,0.11953160547527512,7
HIST1H2BC,0.11858210721707663,4
ANKRD33B,0.11803282957687435,3
FTH1,0.11794289082127589,4
SPARC,0.11719534203854676,7
CCDC17,0.11691133913484707,3
TPT1,0.11655057295411922,7
TUBA1B,0.11497266030496729,7
PLD4,0.11259268954566284,5
GSTO1,0.11245595752658831,4
SPOCD1,0.11026908585768472,4
UBXN11,0.10783105812203245,4
PIEZO1,0.10541046120680925,5
TUBB1,0.10487894297624625,7
NEAT1,0.10424784634254915,7
AC239799.2,0.10330209420741117,5
ADARB1,0.10229671953311718,4
SAT1,0.09791010933139244,6
PROCA1,0.09643703594318098,4
C1orf198,0.09496048292555347,4
ZNF385A,0.0948746615098614,3
IGLC7,0.09484621371340698,4
ITPRIP,0.0929245364169569,4
PTCH2,0.09281898979142807,6
IFI27,0.09281207795718904,9
MNDA,0.09169596292835662,4
PGRMC1,0.09035783450128639,5
AP000487.1,0.08912891968059863,3
GADD45A,0.08897312850025638,3
MOB1B,0.08859919127000415,4
TNF,0.08858551663089376,4
LTBP1,0.08812050548673664,3
MLH3,0.08722954204519573,2
IGHV1-46,0.08626149422461608,8
SH3BGRL3,0.08621550088572565,4
IFI44L,0.08571320854081534,7
SYNE2,0.08412327316285496,8
PILRA,0.08386401732637731,3
MEPCE,0.0831325937904318,4
FGF2,0.08309381752672829,4
NEXN,0.08093701760362627,3
Z82206.1,0.08083791706154367,1
KANSL3,0.08048515624802009,5
PDCD1,0.07961393537691351,4
GP1BB,0.0795925579566072,6
AL157813.1,0.07954709628824508,4
BTNL9,0.07954534759030549,7
MT-ND3,0.07790907899935279,6
S100A4,0.07759738988534168,8
TRBV5-5,0.0769150868122727,4
DNAJC6,0.07552239330104048,3
ZGLP1,0.0741416876621597,4
GPAT2,0.07405623261881274,2
ZNF707,0.07321535223914913,4
AC007952.4,0.07130531466790499,5
AP001033.1,0.06873835618213221,3
C5orf56,0.06867379001200588,7
UCN,0.0680252707935104,3
HIST1H3A,0.06788870098976432,5
AL049840.4,0.06570560531200442,3
LYZ,0.0656491403346344,7
FTL,0.06515033470328886,4
RHOU,0.06503514477153763,2
U62317.4,0.06487716898668104,3
LEF1,0.061467637647341256,6
SESN3,0.06086362357345166,4
C10orf95,0.060596759929850384,5
UPK3BL1,0.05992438100656948,4
CCSAP,0.05954999637359553,5
AC123912.1,0.05944970660934988,5
HCK,0.05920565490995576,3
LILRB2,0.05850577638747526,4
IFITM3,0.0583397987706931,5
ZBTB37,0.05811642939912855,8
PTGES3L,0.0570900098354644,4
FAXDC2,0.05671422206509576,5
LINC01943,0.05424341920660176,4
CBLB,0.0540846445494763,4
RHBDL1,0.05396555853643302,5
HLA-A,0.05365808555888937,3
PMP22,0.05275797293722642,3
AL021155.5,0.05267175128125796,5
RNF24,0.05255310891321709,6
AP000866.2,0.052400681186647646,5
CPM,0.05182763369810949,5
ABCA1,0.051513806575454804,4
AC016831.5,0.05148105638417379,6
HIST1H2BL,0.04910467755677291,4
MYEOV,0.04872604953881688,3
RPL12,0.04713212382371081,6
TUBB4B,0.04678746476111286,5
PTCRA,0.045553682203947,6
RPS27,0.044649434326175394,8
AL109615.4,0.04410130084504537,4
LINC02605,0.04374608213853089,3
HIST1H3H,0.04145801614682199,4
RAB27B,0.04103207537706134,5
MAPRE2,0.04080906932712332,3
MT-ND2,0.040084341669243746,5
DNM1,0.03866033841372943,2
RSPH9,0.0382401040972683,5
TAGLN2,0.037926242175901445,4
PTPRN,0.03681159141859567,3
CKB,0.03643735956770045,7
HIST1H4B,0.035885300190250914,6
AC010359.3,0.035402888604225746,4
LINC00891,0.03524200844104248,4
HIST2H2BF,0.03475169776897756,6
CES3,0.034225588784895955,2
PTPRG-AS1,0.03407499626787511,4
PPBP,0.03391097399960232,6
LINC01260,0.03322985852293566,5
NFKBIA,0.0330669151914441,3
HMGB2,0.030908066655258446,5
CCL22,0.029290469324967955,3
HIST1H2BO,0.028670371332435846,4
DND1,0.0270050329964269,6
LINC02018,0.02656808187510583,4
MT-ND5,0.025617777332147474,5
NDUFV2-AS1,0.02545001720655468,5
CD109,0.02544850363037531,1
AMDHD1,0.025013194631118514,4
TNS4,0.024929902391146473,2
AC097634.1,0.024887903412165638,5
AC019080.1,0.024564863700042856,3
AC008569.2,0.023590765843796217,5
C8orf37,0.023412525219232063,4
AL096701.3,0.02308372893208625,6
SCG2,0.02278444508140181,4
SLC39A12,0.022474741585078062,5
LINC01341,0.022435609595418817,3
AMH,0.022422528493375803,4
ULBP3,0.022382013864558823,2
EPOP,0.021820613186277284,5
RAB42,0.02155458819330778,4
AC006058.3,0.021443069492869688,3
FRMD5,0.021188088720987038,4
PANO1,0.020594668821038196,6
AC008115.3,0.02046796777191438,4
CALY,0.02044166416804171,2
AC007686.3,0.019957040716665986,3
CLIC5,0.019542204640289794,3
CCDC78,0.019079355891064267,3
WWTR1,0.018812657576015954,2
DNAH1,0.01873467627561418,4
AL161457.2,0.018616653930018323,3
ABCC2,0.018527990764738517,5
TMEM266,0.018056116128736678,2
AL603756.1,0.018037326544815685,4
SNTG2,0.01793740963056218,1
AC008494.3,0.017870743884893545,6
LINC01970,0.017613088359879348,3
SDCBP2,0.017583747076581887,4
AC108463.3,0.01748554753541178,2
AC006946.3,0.017431873520672846,4
NPTN-IT1,0.017150931651257466,3
AC008403.3,0.01694925894541511,1
MATN1,0.016812878982380246,4
HLA-DRA,0.01671948172134289,8
CLDN1,0.016564363986966583,3
TRIM17,0.016329915036411513,3
FO393414.3,0.016275572902150613,3
ZNF80,0.016249903651289383,5
AC016683.1,0.015780522222702566,4
AC124283.1,0.015708735888811658,3
LRRC69,0.015622436764731237,5
TM4SF19-AS1,0.015498278858956025,3
AC010632.2,0.014887979602185832,3
LINC01238.1,0.014722454023827844,4
CDKL2,0.014710518543190656,4
GLB1L3,0.014663530045820978,2
AL121672.2,0.014434105957369898,4
MRPS30-DT,0.014379262930307495,5
MSS51,0.014123771758641254,5
AP003900.1,0.014064831402070934,4
STX17-AS1,0.014056163208222058,2
IER3-AS1,0.013874436098289453,3
AL162171.3,0.013784628228727766,2
AC023024.1,0.013779499085845208,4
ACTA2-AS1,0.013778234884672487,5
LYG1,0.013516801971526184,5
RASD1,0.013513623311036421,3
SLIT1,0.013389067723874581,5
AC117382.2,0.013358361680456166,5
RIPOR3,0.013337556763882104,4
AC103858.3,0.013199311437576168,5
FRMD6-AS1,0.013167495785935929,3
AC027307.2,0.013133761395011342,3
AC116535.1,0.0129802648341079,2
AL080317.1,0.012950282646733945,3
SLC45A1,0.012932216357551042,5
AC018695.6,0.012607014430914104,3
AC119403.1,0.012500166034356835,3
ANKRD31,0.012385448061760543,2
IFNL1,0.012240162796836996,4
AC111170.2,0.012199376269930895,6
LINC01727,0.012184344569755921,5
AL117335.1,0.011942786751891775,6
IDO1,0.011938137719809694,3
ZNF460-AS1,0.011900910747665314,4
AC104653.1,0.011824605019631347,5
WNT10B,0.011764705485057474,3
AC087294.1,0.011762762771676684,4
AL008721.2,0.011738418122785909,4
TG,0.011623935005474147,3
B3GNT4,0.011591741776449484,3
AC009996.1,0.01131737253931945,3
CASC2,0.01120183006304592,2
IGKV2-30,0.011150572948946936,5
TRBV23-1,0.011148768158943823,2
AL512625.2,0.011134791655450603,5
AC092068.2,0.011132809082475197,5
AC139149.1,0.010980244766460309,5
AL133245.1,0.010902089176108314,4
CHST6,0.01084816577104454,4
AL160291.1,0.010826526304046666,4
AP001033.3,0.010743834357299923,4
CCDC183,0.010674420856207097,3
AL356776.2,0.010629832204663535,5
AL355483.3,0.01060446709756089,3
AC114811.2,0.010570237322460015,5
ADRA2B,0.01054949141076962,3
AC096921.2,0.010274557461493574,4
AC051619.8,0.010191862081164836,3
ZNF385C,0.01017190167860037,2
AL132639.3,0.010043715203447774,4
AL359710.1,0.009997179432974514,3
KAZN,0.009969880827064343,6
AL139317.3,0.009953572052994597,4
AP000640.2,0.009764154385955234,3
LGALSL-DT,0.009609919372345916,5
AP002812.5,0.009594962791038098,3
AL049557.1,0.009583748356959652,5
AL355916.2,0.009545241545869687,2
AC009948.3,0.009524452646347622,4
ACKR4,0.009461507553707168,4
GOLGA8H,0.009400859736453436,4
AC009299.3,0.009385222252569287,3
AC016737.1,0.0093008053241843,4
AC009060.1,0.009283660659153203,5
AC104564.5,0.009168820457514142,3
AL603783.1,0.009049911663205581,3
CCDC144NL,0.008914590247315128,2
AC004130.2,0.008840938823998555,2
INSL3,0.008797602837959858,5
AC010809.2,0.008760606931529677,3
SLFNL1-AS1,0.008724022558684801,3
GNAI1,0.008667991906192744,1
AP000240.1,0.00859470590417002,5
PXDC1,0.008444768989473562,3
UCKL1-AS1,0.008437862603618397,4
IQGAP3,0.008406627096739935,3
APOE,0.008367469964538183,4
AC010536.1,0.008267171845507777,3
AC114947.2,0.008198157933822503,4
LINC00654,0.008189270912880315,4
CCDC9B,0.00817960773726333,4
AL391839.3,0.008151150022837676,6
MSANTD1,0.008113361035421646,5
AP005131.6,0.007949376166408697,3
PIEZO2,0.007928103263296111,5
AC018638.7,0.007854099500929017,5
AL158163.1,0.007808474159549109,3
AP002982.2,0.0077726774944312915,5
AC130895.1,0.007674271374263997,4
AL121672.1,0.007636654976366745,4
AL662884.3,0.007532215814060138,4
SPINK2,0.007488555882153486,2
GABRR2,0.007485670938548581,4
AC090519.2,0.007476677651174605,4
AC092159.2,0.007335942846532982,5
AC008026.3,0.007300772195239865,3
AL353743.2,0.007264139201787099,4
AC010542.5,0.007244493267710904,4
AL391095.1,0.007203417011018124,5
AC021148.2,0.007149423383347862,5
AL360181.2,0.0071303354643102975,4
AL139317.5,0.007081771897849268,5
AC112907.3,0.007068790668987322,5
MIR378D2HG,0.007060346296655009,4
AC008395.1,0.0070142364814437435,4
LBX2,0.006747714322295498,4
AL136295.17,0.0067131594857758325,3
LINC00853,0.0066921926356083485,3
LRP6,0.0066862284643410385,3
RBFADN,0.006665423602131244,5
AC010240.3,0.0066295497084176815,5
AC106795.2,0.006500041935857617,4
HIST2H2BE,0.0064854214092385926,6
AL596202.1,0.00645248421805291,3
LCN8,0.006434121102217077,5
ST7-AS1,0.00642894476736196,3
PHF21B,0.006243864844638629,2
SMIM18,0.006136692417575515,5
AL355574.1,0.0060568760004710955,1
PRSS27,0.0059816845218232184,4
CXCL10,0.005952534642927303,6
AL158055.1,0.005908944112600551,4
STPG3,0.005906845864228118,2
AC010999.2,0.0059059891429019415,4
AC027319.1,0.005864865827227691,2
PF4,0.005824209395833132,6
AC007216.3,0.005711891952845567,4
GPX3,0.005701136213437266,5
AC016575.2,0.005686292852822907,5
AC011939.3,0.005669360791841662,4
CDHR2,0.005483831607981767,5
U73166.1,0.005468873904282101,3
NPFF,0.005420840610847001,4
DCXR-DT,0.005338048526009741,4
SDK1,0.005308376307840134,4
FLJ45513,0.0052918004014492846,3
PSPN,0.005257635408015971,3
DEPDC1,0.005229561439111118,3
AL109809.5,0.005133445242943562,2
AP006284.1,0.005042603787826728,4
HEXA-AS1,0.0049989104813158965,5
CCDC183-AS1,0.004994801423237953,4
AC092119.2,0.00498961611695952,3
C2CD4D-AS1,0.004974470324569572,4
TAS2R30,0.004823284276405219,5
HIST1H3E,0.004809215678387262,4
AC016405.3,0.004787990031614343,5
AC011912.1,0.004714336900169803,5
B4GALNT3,0.004611757083515858,4
MIF-AS1,0.0045436430920125755,5
ZMYND10,0.00454334528805297,5
KLHL34,0.00453321364134177,3
AL928970.1,0.004458657991351137,5
MIA,0.004372474158938519,5
CSRP2,0.004368925723149698,4
AC106865.2,0.004349892340828816,3
AC005363.2,0.004329429515883198,4
AC021127.1,0.004249308898711705,4
AL359397.2,0.004179543730222777,6
AC211476.6,0.004171834260647816,4
PDIA2,0.004045145252365781,3
TRO,0.004015870691307359,4
AC093535.1,0.0039984405807606226,4
AL136038.2,0.003978519092013318,3
VSIG8,0.003941781679915569,4
PODXL,0.003869599010998067,4
KDM2B-DT,0.0038383279237767546,5
LINC01088,0.0038374297994223515,3
NTN5,0.003775192437294863,2
FAM53B-AS1,0.003710270962424527,2
AL133227.1,0.0037045348473936117,5
AC036214.2,0.0036733654028604915,3
MIR302CHG,0.0036546323257850596,6
AC091814.1,0.003575942585013696,4
HOMER3-AS1,0.0034474242278748064,6
SORBS1,0.003446488146423518,4
SAMD14,0.0033993573688643765,3
MYH3,0.0033701958077311414,4
AC006160.1,0.003361600952427114,4
AL138820.1,0.003351113586793941,6
AC026471.4,0.003334221618183964,4
EPAS1,0.0032906207905109403,2
CCDC15-DT,0.0032837723476133816,3
SPIRE2,0.003238348506823529,2
NME9,0.0032201021727307037,3
JAG2,0.003157553112573309,3
TTLL13P,0.0031339149680925022,2
AC004263.2,0.0031308013312430646,4
AL031772.1,0.003101587027232486,3
AC253576.2,0.0029938901798212503,5
AL671710.1,0.002887002988863735,4
MT1G,0.002884894392486813,4
AP005432.1,0.002860644111116977,4
AL096794.1,0.002858003040087631,3
MYCN,0.0028121559765968045,3
AP001033.2,0.0028060083896071127,4
CYP51A1-AS1,0.0026864214922195364,3
RERE-AS1,0.002658115886488638,4
LSMEM1,0.0025558826517394742,4
AL132996.1,0.0025115137261659155,4
GFPT2,0.0025013322573237823,3
NRN1L,0.002482647137703114,2
TBC1D3D,0.002451196551137871,3
AC112484.1,0.0024175494129236646,1
CUZD1,0.0023207770161134986,3
AC021851.1,0.0022480695944055136,5
PM20D1,0.0021750900683425766,5
AL096677.1,0.0021663741108528417,3
AL359962.3,0.002122604578419593,4
AC023282.1,0.0020562371230630062,3
CEBPE,0.0020367082563791327,5
AC099489.1,0.0019986567652127006,3
AC011726.3,0.0019144776483326405,3
GPR152,0.0019082431183495576,3
GLYCTK-AS1,0.0018168825764130075,5
AC108066.2,0.0017815257337135822,2
AC008760.1,0.0017771157608558392,4
AC016405.1,0.001761782172594127,4
AC005899.7,0.001694785660132621,5
NPHP3-AS1,0.0016877828188072068,4
AC007342.1,0.0016746324615511423,3
RPA4,0.0016023076545539996,5
AC104472.4,0.001592713492346095,4
CIRBP-AS1,0.00157055128800556,3
AC008750.2,0.0015465554897717657,4
LINC01144,0.0015342017636844631,3
AC244472.1,0.0015119578857340625,4
AC138207.4,0.0013787518128047641,5
AC002553.2,0.0013582554883917947,3
AC102953.2,0.0013582554883917915,3
DGCR11,0.0013179766938880074,3
LINC01484,0.001311730181357168,5
AL353748.3,0.001303317593701117,2
SLC25A27,0.0012735798899688646,2
FAR1-IT1,0.001260238166586062,5
RASL10A,0.001206186340824179,3
AL023803.3,0.0011959596916150408,4
AL117344.2,0.0011367020577353437,3
FMR1-IT1,0.001128381325587794,4
AC139019.1,0.0011068609485766294,5
AC008079.1,0.0010894311289561711,3
AC099681.1,0.000985343238672476,4
AC005840.4,0.0009096113227694338,4
AC090186.1,0.0008349154509298929,4
FAM184B,0.0006199418694372025,3
CST6,0.0005690601621878488,4
PAPPA,0.0005184893167747216,3
SLC4A3,0.000416712539150147,4
