candidate_id	source_event_type	source_event_id	source_gene	event_coordinate	hla_allele	hla_class	pgaa_rank	pgaa_score	cohort_or_dataset	disease_or_context	peptide_sequence	peptide_length	event_position_in_peptide	altered_sequence_start	negative_control_group	notes
SMOKE_EVENT_1|HLA-A*02:01|8mer|2	mutation	SMOKE_EVENT_1	SMOKE1	p.K10M	HLA-A*02:01	I	1	0.95	smoke_dataset	smoke_context	DEFGHIKL	8	7	2	none	compiled_from_event_sequence
SMOKE_EVENT_1|HLA-A*02:01|8mer|3	mutation	SMOKE_EVENT_1	SMOKE1	p.K10M	HLA-A*02:01	I	1	0.95	smoke_dataset	smoke_context	EFGHIKLM	8	6	3	none	compiled_from_event_sequence
SMOKE_EVENT_1|HLA-A*02:01|8mer|4	mutation	SMOKE_EVENT_1	SMOKE1	p.K10M	HLA-A*02:01	I	1	0.95	smoke_dataset	smoke_context	FGHIKLMN	8	5	4	none	compiled_from_event_sequence
SMOKE_EVENT_1|HLA-A*02:01|8mer|5	mutation	SMOKE_EVENT_1	SMOKE1	p.K10M	HLA-A*02:01	I	1	0.95	smoke_dataset	smoke_context	GHIKLMNP	8	4	5	none	compiled_from_event_sequence
SMOKE_EVENT_1|HLA-A*02:01|8mer|6	mutation	SMOKE_EVENT_1	SMOKE1	p.K10M	HLA-A*02:01	I	1	0.95	smoke_dataset	smoke_context	HIKLMNPQ	8	3	6	none	compiled_from_event_sequence
SMOKE_EVENT_1|HLA-A*02:01|8mer|7	mutation	SMOKE_EVENT_1	SMOKE1	p.K10M	HLA-A*02:01	I	1	0.95	smoke_dataset	smoke_context	IKLMNPQR	8	2	7	none	compiled_from_event_sequence
SMOKE_EVENT_1|HLA-A*02:01|8mer|8	mutation	SMOKE_EVENT_1	SMOKE1	p.K10M	HLA-A*02:01	I	1	0.95	smoke_dataset	smoke_context	KLMNPQRS	8	1	8	none	compiled_from_event_sequence
SMOKE_EVENT_1|HLA-A*02:01|8mer|9	mutation	SMOKE_EVENT_1	SMOKE1	p.K10M	HLA-A*02:01	I	1	0.95	smoke_dataset	smoke_context	LMNPQRST	8	0	9	none	compiled_from_event_sequence
SMOKE_EVENT_1|HLA-A*02:01|9mer|1	mutation	SMOKE_EVENT_1	SMOKE1	p.K10M	HLA-A*02:01	I	1	0.95	smoke_dataset	smoke_context	CDEFGHIKL	9	8	1	none	compiled_from_event_sequence
SMOKE_EVENT_1|HLA-A*02:01|9mer|2	mutation	SMOKE_EVENT_1	SMOKE1	p.K10M	HLA-A*02:01	I	1	0.95	smoke_dataset	smoke_context	DEFGHIKLM	9	7	2	none	compiled_from_event_sequence
SMOKE_EVENT_1|HLA-A*02:01|9mer|3	mutation	SMOKE_EVENT_1	SMOKE1	p.K10M	HLA-A*02:01	I	1	0.95	smoke_dataset	smoke_context	EFGHIKLMN	9	6	3	none	compiled_from_event_sequence
SMOKE_EVENT_1|HLA-A*02:01|9mer|4	mutation	SMOKE_EVENT_1	SMOKE1	p.K10M	HLA-A*02:01	I	1	0.95	smoke_dataset	smoke_context	FGHIKLMNP	9	5	4	none	compiled_from_event_sequence
SMOKE_EVENT_1|HLA-A*02:01|9mer|5	mutation	SMOKE_EVENT_1	SMOKE1	p.K10M	HLA-A*02:01	I	1	0.95	smoke_dataset	smoke_context	GHIKLMNPQ	9	4	5	none	compiled_from_event_sequence
SMOKE_EVENT_1|HLA-A*02:01|9mer|6	mutation	SMOKE_EVENT_1	SMOKE1	p.K10M	HLA-A*02:01	I	1	0.95	smoke_dataset	smoke_context	HIKLMNPQR	9	3	6	none	compiled_from_event_sequence
SMOKE_EVENT_1|HLA-A*02:01|9mer|7	mutation	SMOKE_EVENT_1	SMOKE1	p.K10M	HLA-A*02:01	I	1	0.95	smoke_dataset	smoke_context	IKLMNPQRS	9	2	7	none	compiled_from_event_sequence
SMOKE_EVENT_1|HLA-A*02:01|9mer|8	mutation	SMOKE_EVENT_1	SMOKE1	p.K10M	HLA-A*02:01	I	1	0.95	smoke_dataset	smoke_context	KLMNPQRST	9	1	8	none	compiled_from_event_sequence
SMOKE_EVENT_1|HLA-A*02:01|9mer|9	mutation	SMOKE_EVENT_1	SMOKE1	p.K10M	HLA-A*02:01	I	1	0.95	smoke_dataset	smoke_context	LMNPQRSTV	9	0	9	none	compiled_from_event_sequence
SMOKE_EVENT_1|HLA-A*02:01|10mer|0	mutation	SMOKE_EVENT_1	SMOKE1	p.K10M	HLA-A*02:01	I	1	0.95	smoke_dataset	smoke_context	ACDEFGHIKL	10	9	0	none	compiled_from_event_sequence
SMOKE_EVENT_1|HLA-A*02:01|10mer|1	mutation	SMOKE_EVENT_1	SMOKE1	p.K10M	HLA-A*02:01	I	1	0.95	smoke_dataset	smoke_context	CDEFGHIKLM	10	8	1	none	compiled_from_event_sequence
SMOKE_EVENT_1|HLA-A*02:01|10mer|2	mutation	SMOKE_EVENT_1	SMOKE1	p.K10M	HLA-A*02:01	I	1	0.95	smoke_dataset	smoke_context	DEFGHIKLMN	10	7	2	none	compiled_from_event_sequence
SMOKE_EVENT_1|HLA-A*02:01|10mer|3	mutation	SMOKE_EVENT_1	SMOKE1	p.K10M	HLA-A*02:01	I	1	0.95	smoke_dataset	smoke_context	EFGHIKLMNP	10	6	3	none	compiled_from_event_sequence
SMOKE_EVENT_1|HLA-A*02:01|10mer|4	mutation	SMOKE_EVENT_1	SMOKE1	p.K10M	HLA-A*02:01	I	1	0.95	smoke_dataset	smoke_context	FGHIKLMNPQ	10	5	4	none	compiled_from_event_sequence
SMOKE_EVENT_1|HLA-A*02:01|10mer|5	mutation	SMOKE_EVENT_1	SMOKE1	p.K10M	HLA-A*02:01	I	1	0.95	smoke_dataset	smoke_context	GHIKLMNPQR	10	4	5	none	compiled_from_event_sequence
SMOKE_EVENT_1|HLA-A*02:01|10mer|6	mutation	SMOKE_EVENT_1	SMOKE1	p.K10M	HLA-A*02:01	I	1	0.95	smoke_dataset	smoke_context	HIKLMNPQRS	10	3	6	none	compiled_from_event_sequence
SMOKE_EVENT_1|HLA-A*02:01|10mer|7	mutation	SMOKE_EVENT_1	SMOKE1	p.K10M	HLA-A*02:01	I	1	0.95	smoke_dataset	smoke_context	IKLMNPQRST	10	2	7	none	compiled_from_event_sequence
SMOKE_EVENT_1|HLA-A*02:01|10mer|8	mutation	SMOKE_EVENT_1	SMOKE1	p.K10M	HLA-A*02:01	I	1	0.95	smoke_dataset	smoke_context	KLMNPQRSTV	10	1	8	none	compiled_from_event_sequence
SMOKE_EVENT_1|HLA-A*02:01|10mer|9	mutation	SMOKE_EVENT_1	SMOKE1	p.K10M	HLA-A*02:01	I	1	0.95	smoke_dataset	smoke_context	LMNPQRSTVW	10	0	9	none	compiled_from_event_sequence
SMOKE_EVENT_1|HLA-A*02:01|11mer|0	mutation	SMOKE_EVENT_1	SMOKE1	p.K10M	HLA-A*02:01	I	1	0.95	smoke_dataset	smoke_context	ACDEFGHIKLM	11	9	0	none	compiled_from_event_sequence
SMOKE_EVENT_1|HLA-A*02:01|11mer|1	mutation	SMOKE_EVENT_1	SMOKE1	p.K10M	HLA-A*02:01	I	1	0.95	smoke_dataset	smoke_context	CDEFGHIKLMN	11	8	1	none	compiled_from_event_sequence
SMOKE_EVENT_1|HLA-A*02:01|11mer|2	mutation	SMOKE_EVENT_1	SMOKE1	p.K10M	HLA-A*02:01	I	1	0.95	smoke_dataset	smoke_context	DEFGHIKLMNP	11	7	2	none	compiled_from_event_sequence
SMOKE_EVENT_1|HLA-A*02:01|11mer|3	mutation	SMOKE_EVENT_1	SMOKE1	p.K10M	HLA-A*02:01	I	1	0.95	smoke_dataset	smoke_context	EFGHIKLMNPQ	11	6	3	none	compiled_from_event_sequence
SMOKE_EVENT_1|HLA-A*02:01|11mer|4	mutation	SMOKE_EVENT_1	SMOKE1	p.K10M	HLA-A*02:01	I	1	0.95	smoke_dataset	smoke_context	FGHIKLMNPQR	11	5	4	none	compiled_from_event_sequence
SMOKE_EVENT_1|HLA-A*02:01|11mer|5	mutation	SMOKE_EVENT_1	SMOKE1	p.K10M	HLA-A*02:01	I	1	0.95	smoke_dataset	smoke_context	GHIKLMNPQRS	11	4	5	none	compiled_from_event_sequence
SMOKE_EVENT_1|HLA-A*02:01|11mer|6	mutation	SMOKE_EVENT_1	SMOKE1	p.K10M	HLA-A*02:01	I	1	0.95	smoke_dataset	smoke_context	HIKLMNPQRST	11	3	6	none	compiled_from_event_sequence
SMOKE_EVENT_1|HLA-A*02:01|11mer|7	mutation	SMOKE_EVENT_1	SMOKE1	p.K10M	HLA-A*02:01	I	1	0.95	smoke_dataset	smoke_context	IKLMNPQRSTV	11	2	7	none	compiled_from_event_sequence
SMOKE_EVENT_1|HLA-A*02:01|11mer|8	mutation	SMOKE_EVENT_1	SMOKE1	p.K10M	HLA-A*02:01	I	1	0.95	smoke_dataset	smoke_context	KLMNPQRSTVW	11	1	8	none	compiled_from_event_sequence
SMOKE_EVENT_1|HLA-A*02:01|11mer|9	mutation	SMOKE_EVENT_1	SMOKE1	p.K10M	HLA-A*02:01	I	1	0.95	smoke_dataset	smoke_context	LMNPQRSTVWY	11	0	9	none	compiled_from_event_sequence
