priority	candidate_id	source_path	field	dtype	n_unique	n_missing	split_name_candidate	perturbation_name_candidate	control_value_detected	examples
15	datlinger2021_jurkat_crispr	/Volumes/MOVESPEED/pgaa_cross_platform/v3b/sources/datlinger2021_jurkat_crispr/DatlingerBock2021.h5ad	sample	category	384	0	True	False	False	"[""A01"", ""A02"", ""A03"", ""A04"", ""A05"", ""A06"", ""A07"", ""A08"", ""A09"", ""A10"", ""A11"", ""A12"", ""A13"", ""A14"", ""A15"", ""A16""]"
15	datlinger2021_jurkat_crispr	/Volumes/MOVESPEED/pgaa_cross_platform/v3b/sources/datlinger2021_jurkat_crispr/DatlingerBock2021.h5ad	cell_line	category	1	0	False	False	False	"[""Jurkat cells""]"
15	datlinger2021_jurkat_crispr	/Volumes/MOVESPEED/pgaa_cross_platform/v3b/sources/datlinger2021_jurkat_crispr/DatlingerBock2021.h5ad	perturbation	category	41	0	False	True	False	"[""DOK2_1"", ""DOK2_2"", ""EGR1_1"", ""EGR1_2"", ""EGR2_1"", ""EGR2_2"", ""EGR3_1"", ""EGR3_2"", ""EGR4_1"", ""EGR4_2"", ""FOS_1"", ""FOS_2"", ""JUND_1"", ""JUND_2"", ""JUN_1"", ""JUN_2""]"
15	datlinger2021_jurkat_crispr	/Volumes/MOVESPEED/pgaa_cross_platform/v3b/sources/datlinger2021_jurkat_crispr/DatlingerBock2021.h5ad	perturbation_2	category	2	0	False	True	False	"[""stimulated"", ""unstimulated""]"
15	datlinger2021_jurkat_crispr	/Volumes/MOVESPEED/pgaa_cross_platform/v3b/sources/datlinger2021_jurkat_crispr/DatlingerBock2021.h5ad	tissue_type	category	1	0	False	False	False	"[""cell_line""]"
15	datlinger2021_jurkat_crispr	/Volumes/MOVESPEED/pgaa_cross_platform/v3b/sources/datlinger2021_jurkat_crispr/DatlingerBock2021.h5ad	cancer	bool	1	0	False	False	False	"[""True""]"
15	datlinger2021_jurkat_crispr	/Volumes/MOVESPEED/pgaa_cross_platform/v3b/sources/datlinger2021_jurkat_crispr/DatlingerBock2021.h5ad	celltype	category	1	0	False	False	False	"[""T cells""]"
15	datlinger2021_jurkat_crispr	/Volumes/MOVESPEED/pgaa_cross_platform/v3b/sources/datlinger2021_jurkat_crispr/DatlingerBock2021.h5ad	disease	category	1	0	False	False	False	"[""acute T cell leukemia""]"
15	datlinger2021_jurkat_crispr	/Volumes/MOVESPEED/pgaa_cross_platform/v3b/sources/datlinger2021_jurkat_crispr/DatlingerBock2021.h5ad	organism	category	1	0	False	False	False	"[""human""]"
15	datlinger2021_jurkat_crispr	/Volumes/MOVESPEED/pgaa_cross_platform/v3b/sources/datlinger2021_jurkat_crispr/DatlingerBock2021.h5ad	perturbation_type	category	1	0	False	True	False	"[""CRISPR""]"
15	datlinger2021_jurkat_crispr	/Volumes/MOVESPEED/pgaa_cross_platform/v3b/sources/datlinger2021_jurkat_crispr/DatlingerBock2021.h5ad	perturbation_type_2	category	1	0	False	True	False	"[""TCR stimulation""]"
15	datlinger2021_jurkat_crispr	/Volumes/MOVESPEED/pgaa_cross_platform/v3b/sources/datlinger2021_jurkat_crispr/DatlingerBock2021.h5ad	ncounts	float64	4479	0	False	False	False	"[""100.0"", ""1000.0"", ""10006.0"", ""1001.0"", ""1002.0"", ""10022.0"", ""1003.0"", ""1004.0"", ""1005.0"", ""1006.0"", ""10069.0"", ""1007.0"", ""1008.0"", ""10085.0"", ""1009.0"", ""101.0""]"
15	datlinger2021_jurkat_crispr	/Volumes/MOVESPEED/pgaa_cross_platform/v3b/sources/datlinger2021_jurkat_crispr/DatlingerBock2021.h5ad	ngenes	int64	1543	0	False	True	False	"[""100"", ""1000"", ""1001"", ""1002"", ""1003"", ""1004"", ""1005"", ""1006"", ""1007"", ""1008"", ""1009"", ""101"", ""1010"", ""1011"", ""1012"", ""1013""]"
15	datlinger2021_jurkat_crispr	/Volumes/MOVESPEED/pgaa_cross_platform/v3b/sources/datlinger2021_jurkat_crispr/DatlingerBock2021.h5ad	percent_mito	float64	1	0	False	False	False	"[""0.0""]"
15	datlinger2021_jurkat_crispr	/Volumes/MOVESPEED/pgaa_cross_platform/v3b/sources/datlinger2021_jurkat_crispr/DatlingerBock2021.h5ad	percent_ribo	float64	10930	0	False	False	False	"[""0.0"", ""0.025087807"", ""0.026007803"", ""0.026055237"", ""0.02689618"", ""0.027247956"", ""0.027255382"", ""0.027662518"", ""0.02891009"", ""0.028935185"", ""0.02913753"", ""0.02919708"", ""0.029958058"", ""0.029985007"", ""0.030066146"", ""0.030175015""]"
15	datlinger2021_jurkat_crispr	/Volumes/MOVESPEED/pgaa_cross_platform/v3b/sources/datlinger2021_jurkat_crispr/DatlingerBock2021.h5ad	nperts	int64	2	0	False	False	False	"[""1"", ""2""]"
16	srivatsan2020_sciplex2	/Volumes/MOVESPEED/pgaa_cross_platform/v3b/sources/srivatsan2020_sciplex2/SrivatsanTrapnell2020_sciplex2.h5ad	ncounts	int64	9881	0	False	False	False	"[""1000"", ""10003"", ""10004"", ""1001"", ""10010"", ""10011"", ""10013"", ""10015"", ""10019"", ""1002"", ""10023"", ""10025"", ""10028"", ""10029"", ""1003"", ""10030""]"
16	srivatsan2020_sciplex2	/Volumes/MOVESPEED/pgaa_cross_platform/v3b/sources/srivatsan2020_sciplex2/SrivatsanTrapnell2020_sciplex2.h5ad	hash_umis	float64	770	74	False	False	False	"[""1.0"", ""10.0"", ""100.0"", ""1004.0"", ""1006.0"", ""101.0"", ""1011.0"", ""1013.0"", ""1015.0"", ""102.0"", ""1020.0"", ""103.0"", ""104.0"", ""105.0"", ""1050.0"", ""106.0""]"
16	srivatsan2020_sciplex2	/Volumes/MOVESPEED/pgaa_cross_platform/v3b/sources/srivatsan2020_sciplex2/SrivatsanTrapnell2020_sciplex2.h5ad	pval_demultiplexing	float64	6176	74	False	False	False	"[""0.0"", ""0.0001005325892208"", ""0.0001013112588793"", ""0.0001034916641025"", ""0.000104908921944"", ""0.0001071614061977"", ""0.0001079385940476"", ""0.0001082693879419"", ""0.0001087388148941"", ""0.0001097372194667"", ""0.000111805595773"", ""0.0001125295773427"", ""0.0001133201135798"", ""0.0001167474995999"", ""0.0001220893741517"", ""0.0001222676940644""]"
16	srivatsan2020_sciplex2	/Volumes/MOVESPEED/pgaa_cross_platform/v3b/sources/srivatsan2020_sciplex2/SrivatsanTrapnell2020_sciplex2.h5ad	qval_demultiplexing	float64	4861	74	False	False	False	"[""0.0"", ""0.0001000470898117"", ""0.0001008453065106"", ""0.0001020908201895"", ""0.0001021619342658"", ""0.0001035619028539"", ""0.0001059801547459"", ""0.0001089370184722"", ""0.0001092901563436"", ""0.0001107840317819"", ""0.0001128225407574"", ""0.0001140650353822"", ""0.0001152530982436"", ""0.0001167335315215"", ""0.0001172490452973"", ""0.0001237539413174""]"
16	srivatsan2020_sciplex2	/Volumes/MOVESPEED/pgaa_cross_platform/v3b/sources/srivatsan2020_sciplex2/SrivatsanTrapnell2020_sciplex2.h5ad	top_to_second_best_ratio	float64	22217	74	False	False	False	"[""1.0"", ""1.00034073001405"", ""1.00086730268864"", ""1.00086880973067"", ""1.00086956521739"", ""1.00091996320147"", ""1.0011580775912"", ""1.00116279069767"", ""1.00127172530733"", ""1.0012749681258"", ""1.0012836970475"", ""1.00128810648347"", ""1.00129421915444"", ""1.00142247510669"", ""1.0014440433213"", ""1.00149253731343""]"
16	srivatsan2020_sciplex2	/Volumes/MOVESPEED/pgaa_cross_platform/v3b/sources/srivatsan2020_sciplex2/SrivatsanTrapnell2020_sciplex2.h5ad	top_oligo	category	192	529	False	False	False	"[""BMS_0.1_AG07"", ""BMS_0.1_AH03"", ""BMS_0.1_AH11"", ""BMS_0.1_BG07"", ""BMS_0.1_BH03"", ""BMS_0.1_BH11"", ""BMS_0.5_AG06"", ""BMS_0.5_AH02"", ""BMS_0.5_AH10"", ""BMS_0.5_BG06"", ""BMS_0.5_BH02"", ""BMS_0.5_BH10"", ""BMS_0_AG08"", ""BMS_0_AH04"", ""BMS_0_AH12"", ""BMS_0_BG08""]"
16	srivatsan2020_sciplex2	/Volumes/MOVESPEED/pgaa_cross_platform/v3b/sources/srivatsan2020_sciplex2/SrivatsanTrapnell2020_sciplex2.h5ad	perturbation	category	5	0	False	True	True	"[""BMS"", ""Dex"", ""Nutlin"", ""SAHA"", ""control""]"
16	srivatsan2020_sciplex2	/Volumes/MOVESPEED/pgaa_cross_platform/v3b/sources/srivatsan2020_sciplex2/SrivatsanTrapnell2020_sciplex2.h5ad	dose_value	category	8	529	False	True	False	"[""0"", ""0.1"", ""0.5"", ""1"", ""10"", ""100"", ""5"", ""50""]"
16	srivatsan2020_sciplex2	/Volumes/MOVESPEED/pgaa_cross_platform/v3b/sources/srivatsan2020_sciplex2/SrivatsanTrapnell2020_sciplex2.h5ad	well	category	192	529	False	False	False	"[""AA01"", ""AA02"", ""AA03"", ""AA04"", ""AA05"", ""AA06"", ""AA07"", ""AA08"", ""AA09"", ""AA10"", ""AA11"", ""AA12"", ""AB01"", ""AB02"", ""AB03"", ""AB04""]"
16	srivatsan2020_sciplex2	/Volumes/MOVESPEED/pgaa_cross_platform/v3b/sources/srivatsan2020_sciplex2/SrivatsanTrapnell2020_sciplex2.h5ad	celltype	category	1	0	False	False	False	"[""alveolar basal epithelial cells""]"
16	srivatsan2020_sciplex2	/Volumes/MOVESPEED/pgaa_cross_platform/v3b/sources/srivatsan2020_sciplex2/SrivatsanTrapnell2020_sciplex2.h5ad	cell_line	category	1	0	False	False	False	"[""A549""]"
16	srivatsan2020_sciplex2	/Volumes/MOVESPEED/pgaa_cross_platform/v3b/sources/srivatsan2020_sciplex2/SrivatsanTrapnell2020_sciplex2.h5ad	cancer	bool	1	0	False	False	False	"[""True""]"
16	srivatsan2020_sciplex2	/Volumes/MOVESPEED/pgaa_cross_platform/v3b/sources/srivatsan2020_sciplex2/SrivatsanTrapnell2020_sciplex2.h5ad	disease	category	1	0	False	False	False	"[""lung adenocarcinoma""]"
16	srivatsan2020_sciplex2	/Volumes/MOVESPEED/pgaa_cross_platform/v3b/sources/srivatsan2020_sciplex2/SrivatsanTrapnell2020_sciplex2.h5ad	tissue_type	category	1	0	False	False	False	"[""cell_line""]"
16	srivatsan2020_sciplex2	/Volumes/MOVESPEED/pgaa_cross_platform/v3b/sources/srivatsan2020_sciplex2/SrivatsanTrapnell2020_sciplex2.h5ad	organism	category	1	0	False	False	False	"[""human""]"
16	srivatsan2020_sciplex2	/Volumes/MOVESPEED/pgaa_cross_platform/v3b/sources/srivatsan2020_sciplex2/SrivatsanTrapnell2020_sciplex2.h5ad	perturbation_type	category	1	0	False	True	False	"[""drug""]"
16	srivatsan2020_sciplex2	/Volumes/MOVESPEED/pgaa_cross_platform/v3b/sources/srivatsan2020_sciplex2/SrivatsanTrapnell2020_sciplex2.h5ad	ngenes	int64	5032	0	False	True	False	"[""1000"", ""1001"", ""1002"", ""1003"", ""1004"", ""1005"", ""1006"", ""1007"", ""1008"", ""1009"", ""1010"", ""1011"", ""1012"", ""1013"", ""1014"", ""1015""]"
16	srivatsan2020_sciplex2	/Volumes/MOVESPEED/pgaa_cross_platform/v3b/sources/srivatsan2020_sciplex2/SrivatsanTrapnell2020_sciplex2.h5ad	percent_mito	float32	23483	0	False	False	False	"[""0.42723632"", ""0.6710575"", ""0.680974"", ""0.72115386"", ""0.7290234"", ""0.77163327"", ""0.77540845"", ""0.78336036"", ""0.7896528"", ""0.8095238"", ""0.81130594"", ""0.8328376"", ""0.8356546"", ""0.83618057"", ""0.8396848"", ""0.8890607""]"
16	srivatsan2020_sciplex2	/Volumes/MOVESPEED/pgaa_cross_platform/v3b/sources/srivatsan2020_sciplex2/SrivatsanTrapnell2020_sciplex2.h5ad	percent_ribo	float32	21869	0	False	False	False	"[""0.0"", ""0.04456328"", ""0.048590865"", ""0.04957858"", ""0.05817336"", ""0.061728396"", ""0.06285355"", ""0.063451774"", ""0.06535948"", ""0.06711409"", ""0.06788866"", ""0.06798097"", ""0.06968641"", ""0.070077084"", ""0.07342144"", ""0.074074075""]"
16	srivatsan2020_sciplex2	/Volumes/MOVESPEED/pgaa_cross_platform/v3b/sources/srivatsan2020_sciplex2/SrivatsanTrapnell2020_sciplex2.h5ad	nperts	int64	1	0	False	False	False	"[""1""]"
16	srivatsan2020_sciplex2	/Volumes/MOVESPEED/pgaa_cross_platform/v3b/sources/srivatsan2020_sciplex2/SrivatsanTrapnell2020_sciplex2.h5ad	chembl-ID	category	1	18306	False	False	False	"[""CHEMBL407632;CHEMBL191334""]"
17	srivatsan2020_sciplex4	/Volumes/MOVESPEED/pgaa_cross_platform/v3b/sources/srivatsan2020_sciplex4/SrivatsanTrapnell2020_sciplex4.h5ad	hash_UMI_counts	float64	602	40	False	False	False	"[""1.0"", ""10.0"", ""100.0"", ""1000.0"", ""101.0"", ""102.0"", ""1021.0"", ""1024.0"", ""1026.0"", ""103.0"", ""104.0"", ""105.0"", ""106.0"", ""1060.0"", ""107.0"", ""1076.0""]"
17	srivatsan2020_sciplex4	/Volumes/MOVESPEED/pgaa_cross_platform/v3b/sources/srivatsan2020_sciplex4/SrivatsanTrapnell2020_sciplex4.h5ad	dose_value	category	13	40	False	True	False	"[""0"", ""0.05"", ""0.25"", ""0.5"", ""1"", ""10"", ""100"", ""2"", ""2.5"", ""20"", ""25"", ""5"", ""50""]"
17	srivatsan2020_sciplex4	/Volumes/MOVESPEED/pgaa_cross_platform/v3b/sources/srivatsan2020_sciplex4/SrivatsanTrapnell2020_sciplex4.h5ad	perturbation	category	8	40	False	True	True	"[""ACLY.inhibitor"", ""ACSS2.inhibitor"", ""Acetate"", ""Chloride"", ""Citrate"", ""PDH.inhibitor"", ""Pyruvate"", ""control""]"
17	srivatsan2020_sciplex4	/Volumes/MOVESPEED/pgaa_cross_platform/v3b/sources/srivatsan2020_sciplex4/SrivatsanTrapnell2020_sciplex4.h5ad	dose_value_2	category	8	40	False	True	False	"[""0"", ""0.01"", ""0.05"", ""0.1"", ""0.5"", ""1"", ""10"", ""5""]"
17	srivatsan2020_sciplex4	/Volumes/MOVESPEED/pgaa_cross_platform/v3b/sources/srivatsan2020_sciplex4/SrivatsanTrapnell2020_sciplex4.h5ad	perturbation_2	category	3	40	False	True	True	"[""Abexinostat"", ""Pracinostat"", ""control""]"
17	srivatsan2020_sciplex4	/Volumes/MOVESPEED/pgaa_cross_platform/v3b/sources/srivatsan2020_sciplex4/SrivatsanTrapnell2020_sciplex4.h5ad	cell_line	category	2	40	False	False	False	"[""A549"", ""MCF7""]"
17	srivatsan2020_sciplex4	/Volumes/MOVESPEED/pgaa_cross_platform/v3b/sources/srivatsan2020_sciplex4/SrivatsanTrapnell2020_sciplex4.h5ad	plate_id	category	7	40	True	False	False	"[""plate10"", ""plate11"", ""plate3"", ""plate4"", ""plate5"", ""plate8"", ""plate9""]"
17	srivatsan2020_sciplex4	/Volumes/MOVESPEED/pgaa_cross_platform/v3b/sources/srivatsan2020_sciplex4/SrivatsanTrapnell2020_sciplex4.h5ad	well_id	category	96	40	False	False	False	"[""A1"", ""A10"", ""A11"", ""A12"", ""A2"", ""A3"", ""A4"", ""A5"", ""A6"", ""A7"", ""A8"", ""A9"", ""B1"", ""B10"", ""B11"", ""B12""]"
17	srivatsan2020_sciplex4	/Volumes/MOVESPEED/pgaa_cross_platform/v3b/sources/srivatsan2020_sciplex4/SrivatsanTrapnell2020_sciplex4.h5ad	celltype	category	3	0	False	False	False	"[""None"", ""alveolar basal epithelial cells"", ""mammary epithelial cells""]"
17	srivatsan2020_sciplex4	/Volumes/MOVESPEED/pgaa_cross_platform/v3b/sources/srivatsan2020_sciplex4/SrivatsanTrapnell2020_sciplex4.h5ad	cancer	bool	1	0	False	False	False	"[""True""]"
17	srivatsan2020_sciplex4	/Volumes/MOVESPEED/pgaa_cross_platform/v3b/sources/srivatsan2020_sciplex4/SrivatsanTrapnell2020_sciplex4.h5ad	disease	category	3	0	False	False	False	"[""None"", ""breast adenocarcinoma"", ""lung adenocarcinoma""]"
17	srivatsan2020_sciplex4	/Volumes/MOVESPEED/pgaa_cross_platform/v3b/sources/srivatsan2020_sciplex4/SrivatsanTrapnell2020_sciplex4.h5ad	tissue_type	category	1	0	False	False	False	"[""cell_line""]"
17	srivatsan2020_sciplex4	/Volumes/MOVESPEED/pgaa_cross_platform/v3b/sources/srivatsan2020_sciplex4/SrivatsanTrapnell2020_sciplex4.h5ad	organism	category	1	0	False	False	False	"[""human""]"
17	srivatsan2020_sciplex4	/Volumes/MOVESPEED/pgaa_cross_platform/v3b/sources/srivatsan2020_sciplex4/SrivatsanTrapnell2020_sciplex4.h5ad	perturbation_type	category	1	0	False	True	False	"[""drug""]"
17	srivatsan2020_sciplex4	/Volumes/MOVESPEED/pgaa_cross_platform/v3b/sources/srivatsan2020_sciplex4/SrivatsanTrapnell2020_sciplex4.h5ad	perturbation_type_2	category	1	0	False	True	False	"[""drug""]"
17	srivatsan2020_sciplex4	/Volumes/MOVESPEED/pgaa_cross_platform/v3b/sources/srivatsan2020_sciplex4/SrivatsanTrapnell2020_sciplex4.h5ad	nperts	int64	3	0	False	False	False	"[""0"", ""1"", ""2""]"
17	srivatsan2020_sciplex4	/Volumes/MOVESPEED/pgaa_cross_platform/v3b/sources/srivatsan2020_sciplex4/SrivatsanTrapnell2020_sciplex4.h5ad	ncounts	float32	6483	0	False	False	False	"[""1000.0"", ""10003.0"", ""10005.0"", ""1001.0"", ""10012.0"", ""10014.0"", ""10018.0"", ""1002.0"", ""1003.0"", ""10036.0"", ""1004.0"", ""10044.0"", ""1005.0"", ""10053.0"", ""10058.0"", ""1006.0""]"
17	srivatsan2020_sciplex4	/Volumes/MOVESPEED/pgaa_cross_platform/v3b/sources/srivatsan2020_sciplex4/SrivatsanTrapnell2020_sciplex4.h5ad	ngenes	int64	3514	0	False	True	False	"[""100"", ""1000"", ""1001"", ""1002"", ""1003"", ""1004"", ""1005"", ""1006"", ""1007"", ""1008"", ""1009"", ""1010"", ""1011"", ""1012"", ""1013"", ""1014""]"
17	srivatsan2020_sciplex4	/Volumes/MOVESPEED/pgaa_cross_platform/v3b/sources/srivatsan2020_sciplex4/SrivatsanTrapnell2020_sciplex4.h5ad	percent_mito	float32	86175	0	False	False	False	"[""0.0"", ""0.030003"", ""0.035014007"", ""0.043346338"", ""0.04985045"", ""0.051255766"", ""0.053248137"", ""0.059241705"", ""0.064370774"", ""0.06666667"", ""0.08312552"", ""0.08354219"", ""0.0862069"", ""0.08733624"", ""0.08787346"", ""0.08857396""]"
17	srivatsan2020_sciplex4	/Volumes/MOVESPEED/pgaa_cross_platform/v3b/sources/srivatsan2020_sciplex4/SrivatsanTrapnell2020_sciplex4.h5ad	percent_ribo	float32	48874	0	False	False	False	"[""0.0"", ""0.044326242"", ""0.06082725"", ""0.06116208"", ""0.06329114"", ""0.064226076"", ""0.06963788"", ""0.07022472"", ""0.07072136"", ""0.07639419"", ""0.07782101"", ""0.08183306"", ""0.08396306"", ""0.08952551"", ""0.09199632"", ""0.09276438""]"
17	srivatsan2020_sciplex4	/Volumes/MOVESPEED/pgaa_cross_platform/v3b/sources/srivatsan2020_sciplex4/SrivatsanTrapnell2020_sciplex4.h5ad	chembl-ID	category	3	75942	False	False	False	"[""CHEMBL1162144"", ""CHEMBL1261"", ""CHEMBL36""]"
18	tian2019_ipsc_crispri	/Volumes/MOVESPEED/pgaa_cross_platform/v3b/sources/tian2019_ipsc_crispri/TianKampmann2019_iPSC.h5ad	guide_id	category	80847	0	False	True	True	"[""ATP5A1_sgRNA1"", ""ATP5A1_sgRNA1;ATP5A1_sgRNA2;PPP2R1A_sgRNA2"", ""ATP5A1_sgRNA1;FECH_sgRNA1;MAT2A_sgRNA2;PPP2R1A_sgRNA2"", ""ATP5A1_sgRNA1;GSR_sgRNA1;PPP2R1A_sgRNA2"", ""ATP5A1_sgRNA1;GSR_sgRNA2"", ""ATP5A1_sgRNA1;GSR_sgRNA2;PGGT1B_sgRNA2;RAB7A_sgRNA2;PMVK_sgRNA1;FECH_sgRNA2;UROD_sgRNA1;control;MMAB_sgRNA2"", ""ATP5A1_sgRNA1;HACD2_sgRNA2;UROD_sgRNA2;control"", ""ATP5A1_sgRNA1;HMGCS1_sgRNA1;MAT2A_sgRNA1;UROD_sgRNA1;RFK_sgRNA2"", ""ATP5A1_sgRNA1;HMGCS1_sgRNA1;MMAB_sgRNA1;MAT2A_sgRNA1;RFK_sgRNA1;FECH_sgRNA2;MAT2A_sgRNA2;UROD_sgRNA1;PPP2R1A_sgRNA1;PPP2R1A_sgRNA2"", ""ATP5A1_sgRNA1;HMGCS1_sgRNA1;PPP2R1A_sgRNA2"", ""ATP5A1_sgRNA1;HMGCS1_sgRNA1;PPP2R1A_sgRNA2;UBA1_sgRNA1;RFK_sgRNA1;PPP2R1A_sgRNA1;UROD_sgRNA2"", ""ATP5A1_sgRNA1;HMGCS1_sgRNA1;UBA1_sgRNA1;MAT2A_sgRNA2"", ""ATP5A1_sgRNA1;HMGCS1_sgRNA1;UBA1_sgRNA1;RFK_sgRNA1;RFK_sgRNA2"", ""ATP5A1_sgRNA1;HMGCS1_sgRNA1;UBA1_sgRNA1;control"", ""ATP5A1_sgRNA1;HMGCS1_sgRNA1;UROD_sgRNA1;PPP2R1A_sgRNA2;MAT2A_sgRNA2;PPP2R1A_sgRNA1;RFK_sgRNA2;RAB7A_sgRNA2;MMAB_sgRNA1;SQLE_sgRNA1;MVK_sgRNA1;control;UBA1_sgRNA1"", ""ATP5A1_sgRNA1;KIF1A_sgRNA1;RAB7A_sgRNA2;MAT2A_sgRNA1;MAT2A_sgRNA2;UBA1_sgRNA1""]"
18	tian2019_ipsc_crispri	/Volumes/MOVESPEED/pgaa_cross_platform/v3b/sources/tian2019_ipsc_crispri/TianKampmann2019_iPSC.h5ad	sgRNA_read_count	category	56471	0	False	False	False	"[""1"", ""1-1"", ""1-1-1"", ""1-1-1-1"", ""1-1-1-1-1"", ""1-1-1-1-1-1"", ""1-1-1-1-1-1-1"", ""1-1-1-1-1-1-1-1"", ""1-1-1-1-1-1-1-1-1"", ""1-1-1-1-1-1-1-1-1-1"", ""1-1-1-1-1-1-1-1-1-1-1"", ""1-1-1-1-1-1-1-1-1-1-1-1"", ""1-1-1-1-1-1-1-1-1-1-1-1-1"", ""10"", ""10-1"", ""10-1-1""]"
18	tian2019_ipsc_crispri	/Volumes/MOVESPEED/pgaa_cross_platform/v3b/sources/tian2019_ipsc_crispri/TianKampmann2019_iPSC.h5ad	sgRNA_umi_count	category	26539	0	False	False	False	"[""1"", ""1-1"", ""1-1-1"", ""1-1-1-1"", ""1-1-1-1-1"", ""1-1-1-1-1-1"", ""1-1-1-1-1-1-1"", ""1-1-1-1-1-1-1-1"", ""1-1-1-1-1-1-1-1-1"", ""1-1-1-1-1-1-1-1-1-1"", ""1-1-1-1-1-1-1-1-1-1-1"", ""1-1-1-1-1-1-1-1-1-1-1-1"", ""1-1-1-1-1-1-1-1-1-1-1-1-1"", ""1-1-1-1-1-1-1-1-1-1-1-1-1-1"", ""10"", ""10-1""]"
18	tian2019_ipsc_crispri	/Volumes/MOVESPEED/pgaa_cross_platform/v3b/sources/tian2019_ipsc_crispri/TianKampmann2019_iPSC.h5ad	perturbation	category	39162	0	False	True	False	"[""ATP5A1"", ""ATP5A1_ATP5B"", ""ATP5A1_HMGCS1_HACD2_UQCRQ"", ""ATP5A1_HMGCS1_RFK"", ""ATP5A1_HMGCS1_UQCRQ"", ""ATP5A1_KIF1A_UQCRQ"", ""ATP5A1_MAT2A"", ""ATP5A1_MMAB_ATP5B"", ""ATP5A1_MMAB_UQCRQ"", ""ATP5A1_MVK_PPP2R1A_UQCRQ"", ""ATP5A1_MVK_UBA1_UQCRQ"", ""ATP5A1_MVK_UQCRQ_LSS"", ""ATP5A1_NDUFA1"", ""ATP5A1_PMVK_UQCRQ_MAT2A"", ""ATP5A1_PPP1R8"", ""ATP5A1_PPP2R1A_MMAB_RFK""]"
18	tian2019_ipsc_crispri	/Volumes/MOVESPEED/pgaa_cross_platform/v3b/sources/tian2019_ipsc_crispri/TianKampmann2019_iPSC.h5ad	tissue_type	category	1	0	False	False	False	"[""stem""]"
18	tian2019_ipsc_crispri	/Volumes/MOVESPEED/pgaa_cross_platform/v3b/sources/tian2019_ipsc_crispri/TianKampmann2019_iPSC.h5ad	celltype	category	1	0	False	False	False	"[""iPSC""]"
18	tian2019_ipsc_crispri	/Volumes/MOVESPEED/pgaa_cross_platform/v3b/sources/tian2019_ipsc_crispri/TianKampmann2019_iPSC.h5ad	cancer	bool	1	0	False	False	False	"[""False""]"
18	tian2019_ipsc_crispri	/Volumes/MOVESPEED/pgaa_cross_platform/v3b/sources/tian2019_ipsc_crispri/TianKampmann2019_iPSC.h5ad	disease	category	1	0	False	False	False	"[""healthy""]"
18	tian2019_ipsc_crispri	/Volumes/MOVESPEED/pgaa_cross_platform/v3b/sources/tian2019_ipsc_crispri/TianKampmann2019_iPSC.h5ad	perturbation_type	category	1	0	False	True	False	"[""CRISPR""]"
18	tian2019_ipsc_crispri	/Volumes/MOVESPEED/pgaa_cross_platform/v3b/sources/tian2019_ipsc_crispri/TianKampmann2019_iPSC.h5ad	organism	category	1	0	False	False	False	"[""human""]"
18	tian2019_ipsc_crispri	/Volumes/MOVESPEED/pgaa_cross_platform/v3b/sources/tian2019_ipsc_crispri/TianKampmann2019_iPSC.h5ad	batch	int64	2	0	True	False	False	"[""1"", ""2""]"
18	tian2019_ipsc_crispri	/Volumes/MOVESPEED/pgaa_cross_platform/v3b/sources/tian2019_ipsc_crispri/TianKampmann2019_iPSC.h5ad	nperts	int64	27	0	False	False	False	"[""0"", ""1"", ""10"", ""11"", ""12"", ""13"", ""14"", ""15"", ""16"", ""17"", ""18"", ""19"", ""2"", ""20"", ""21"", ""22""]"
18	tian2019_ipsc_crispri	/Volumes/MOVESPEED/pgaa_cross_platform/v3b/sources/tian2019_ipsc_crispri/TianKampmann2019_iPSC.h5ad	ngenes	int64	6484	0	False	True	False	"[""0"", ""1"", ""10"", ""100"", ""1000"", ""1001"", ""1002"", ""1003"", ""1004"", ""1005"", ""1006"", ""1007"", ""1008"", ""1009"", ""101"", ""1010""]"
18	tian2019_ipsc_crispri	/Volumes/MOVESPEED/pgaa_cross_platform/v3b/sources/tian2019_ipsc_crispri/TianKampmann2019_iPSC.h5ad	ncounts	float64	19518	0	False	False	False	"[""0.0"", ""1.0"", ""10.0"", ""100.0"", ""1000.0"", ""10001.0"", ""10003.0"", ""10007.0"", ""1001.0"", ""100199.0"", ""1002.0"", ""10020.0"", ""10024.0"", ""10026.0"", ""10029.0"", ""1003.0""]"
18	tian2019_ipsc_crispri	/Volumes/MOVESPEED/pgaa_cross_platform/v3b/sources/tian2019_ipsc_crispri/TianKampmann2019_iPSC.h5ad	percent_mito	float64	36847	1110	False	False	False	"[""0.0"", ""0.009380863039399626"", ""0.011727453969743168"", ""0.014283673760891302"", ""0.015206812652068127"", ""0.016246953696181964"", ""0.017274140611504576"", ""0.018147722460831166"", ""0.01832508704416346"", ""0.019387359441644048"", ""0.019940179461615155"", ""0.020028039254956942"", ""0.0202552157180474"", ""0.021696680407897594"", ""0.02201188641866608"", ""0.022753128555176336""]"
18	tian2019_ipsc_crispri	/Volumes/MOVESPEED/pgaa_cross_platform/v3b/sources/tian2019_ipsc_crispri/TianKampmann2019_iPSC.h5ad	percent_ribo	float64	49660	1110	False	False	False	"[""0.0"", ""0.7299270072992701"", ""1.0101010101010102"", ""1.0416666666666665"", ""1.1904761904761905"", ""1.2195121951219512"", ""1.25"", ""1.3333333333333335"", ""1.5151515151515151"", ""1.5873015873015872"", ""1.6129032258064515"", ""1.639344262295082"", ""1.7241379310344827"", ""1.7857142857142856"", ""1.8181818181818181"", ""1.8518518518518516""]"
19	tian2021_crispri	/Volumes/MOVESPEED/pgaa_cross_platform/v3b/sources/tian2021_crispri/TianKampmann2021_CRISPRi.h5ad	guide_id	category	372	0	False	True	False	"[""ADAM10_i3"", ""ADAM10_i4"", ""ADARB2_i1"", ""ADARB2_i2"", ""AFG3L2_i6"", ""AFG3L2_i7"", ""AIFM1_i1"", ""AIFM1_i2"", ""AKAP9_i3"", ""AKAP9_i4"", ""AMFR_i1"", ""AMFR_i2"", ""ANO10_i1"", ""ANO10_i2"", ""AP2A2_i3"", ""AP2A2_i4""]"
19	tian2021_crispri	/Volumes/MOVESPEED/pgaa_cross_platform/v3b/sources/tian2021_crispri/TianKampmann2021_CRISPRi.h5ad	perturbation	category	185	0	False	True	False	"[""ADAM10"", ""ADARB2"", ""AFG3L2"", ""AIFM1"", ""AKAP9"", ""AMFR"", ""ANO10"", ""AP2A2"", ""APEX1"", ""ARID1B"", ""ATG5"", ""ATP1A3"", ""ATP5C1"", ""ATP5H"", ""ATP6AP2"", ""ATXN1""]"
19	tian2021_crispri	/Volumes/MOVESPEED/pgaa_cross_platform/v3b/sources/tian2021_crispri/TianKampmann2021_CRISPRi.h5ad	tissue_type	category	1	0	False	False	False	"[""primary""]"
19	tian2021_crispri	/Volumes/MOVESPEED/pgaa_cross_platform/v3b/sources/tian2021_crispri/TianKampmann2021_CRISPRi.h5ad	celltype	category	1	0	False	False	False	"[""iPSC-induced neuron""]"
19	tian2021_crispri	/Volumes/MOVESPEED/pgaa_cross_platform/v3b/sources/tian2021_crispri/TianKampmann2021_CRISPRi.h5ad	cancer	bool	1	0	False	False	False	"[""False""]"
19	tian2021_crispri	/Volumes/MOVESPEED/pgaa_cross_platform/v3b/sources/tian2021_crispri/TianKampmann2021_CRISPRi.h5ad	disease	category	1	0	False	False	False	"[""healthy""]"
19	tian2021_crispri	/Volumes/MOVESPEED/pgaa_cross_platform/v3b/sources/tian2021_crispri/TianKampmann2021_CRISPRi.h5ad	perturbation_type	category	1	0	False	True	False	"[""CRISPR""]"
19	tian2021_crispri	/Volumes/MOVESPEED/pgaa_cross_platform/v3b/sources/tian2021_crispri/TianKampmann2021_CRISPRi.h5ad	organism	category	1	0	False	False	False	"[""human""]"
19	tian2021_crispri	/Volumes/MOVESPEED/pgaa_cross_platform/v3b/sources/tian2021_crispri/TianKampmann2021_CRISPRi.h5ad	batch	category	4	0	True	False	False	"[""1"", ""2"", ""3"", ""4""]"
19	tian2021_crispri	/Volumes/MOVESPEED/pgaa_cross_platform/v3b/sources/tian2021_crispri/TianKampmann2021_CRISPRi.h5ad	nperts	int64	2	0	False	False	False	"[""0"", ""1""]"
19	tian2021_crispri	/Volumes/MOVESPEED/pgaa_cross_platform/v3b/sources/tian2021_crispri/TianKampmann2021_CRISPRi.h5ad	ngenes	int64	6392	0	False	True	False	"[""1000"", ""1001"", ""1002"", ""1003"", ""1004"", ""1006"", ""1007"", ""1008"", ""1010"", ""1011"", ""1012"", ""1013"", ""1014"", ""1015"", ""1016"", ""1017""]"
19	tian2021_crispri	/Volumes/MOVESPEED/pgaa_cross_platform/v3b/sources/tian2021_crispri/TianKampmann2021_CRISPRi.h5ad	ncounts	float64	18478	0	False	False	False	"[""1000.0"", ""10000.0"", ""10002.0"", ""10003.0"", ""10004.0"", ""10005.0"", ""10006.0"", ""10007.0"", ""10008.0"", ""10009.0"", ""1001.0"", ""10010.0"", ""10011.0"", ""10012.0"", ""10013.0"", ""10015.0""]"
19	tian2021_crispri	/Volumes/MOVESPEED/pgaa_cross_platform/v3b/sources/tian2021_crispri/TianKampmann2021_CRISPRi.h5ad	percent_mito	float64	31963	0	False	False	False	"[""0.3663003663003663"", ""0.8301707779886147"", ""1.100891861761427"", ""1.1718992850481815"", ""1.2208135911555043"", ""1.2728977354680513"", ""1.3094550356248795"", ""1.3806706114398422"", ""1.3898080741230974"", ""1.4165300866307655"", ""1.4196320164378444"", ""1.4198782961460445"", ""1.471257394205976"", ""1.5042117930204573"", ""1.516565562295847"", ""1.5227021040974529""]"
19	tian2021_crispri	/Volumes/MOVESPEED/pgaa_cross_platform/v3b/sources/tian2021_crispri/TianKampmann2021_CRISPRi.h5ad	percent_ribo	float64	31874	0	False	False	False	"[""1.0875955320399766"", ""1.1911036154738062"", ""1.2131715771230502"", ""1.2263884973216803"", ""1.260053619302949"", ""1.2654272769879706"", ""1.28130460104834"", ""1.4167242570836214"", ""1.4285714285714286"", ""1.431540060032325"", ""1.4350717535876794"", ""1.4352132605619567"", ""1.4595406739643701"", ""1.465201465201465"", ""1.4697726012201886"", ""1.4850599391662194""]"
19	tian2021_crispri	/Volumes/MOVESPEED/pgaa_cross_platform/v3b/sources/tian2021_crispri/TianKampmann2021_CRISPRi.h5ad	percent_hemo	float64	48	0	False	False	False	"[""0.0"", ""0.0019086154903233195"", ""0.002284513284444749"", ""0.0023596592652021047"", ""0.0025065797719012405"", ""0.0028658222043904395"", ""0.0030483158055174516"", ""0.0032213381438649614"", ""0.0032682942772167206"", ""0.0033170796430822304"", ""0.0033213763783711972"", ""0.0035413272894680927"", ""0.0036953549388418763"", ""0.0038374457960781306"", ""0.004018162092658818"", ""0.0040889761203794575""]"
20	adamson2016_10x001	/Volumes/MOVESPEED/pgaa_cross_platform/v3b/sources/adamson2016_10x001/AdamsonWeissman2016_GSM2406675_10X001.h5ad	perturbation	category	9	10	False	True	False	"[""*"", ""62(mod)_pBA581"", ""BHLHE40_pDS258"", ""CREB1_pDS269"", ""DDIT3_pDS263"", ""EP300_pDS268"", ""SNAI1_pDS266"", ""SPI1_pDS255"", ""ZNF326_pDS262""]"
20	adamson2016_10x001	/Volumes/MOVESPEED/pgaa_cross_platform/v3b/sources/adamson2016_10x001/AdamsonWeissman2016_GSM2406675_10X001.h5ad	read count	float64	1878	10	False	False	False	"[""1.0"", ""100.0"", ""1001.0"", ""1002.0"", ""1003.0"", ""1004.0"", ""1005.0"", ""1006.0"", ""1007.0"", ""1008.0"", ""1009.0"", ""101.0"", ""1010.0"", ""1011.0"", ""1012.0"", ""1013.0""]"
20	adamson2016_10x001	/Volumes/MOVESPEED/pgaa_cross_platform/v3b/sources/adamson2016_10x001/AdamsonWeissman2016_GSM2406675_10X001.h5ad	UMI count	float64	213	10	False	False	False	"[""1.0"", ""10.0"", ""100.0"", ""101.0"", ""102.0"", ""103.0"", ""104.0"", ""105.0"", ""106.0"", ""107.0"", ""108.0"", ""109.0"", ""11.0"", ""110.0"", ""111.0"", ""112.0""]"
20	adamson2016_10x001	/Volumes/MOVESPEED/pgaa_cross_platform/v3b/sources/adamson2016_10x001/AdamsonWeissman2016_GSM2406675_10X001.h5ad	tissue_type	category	1	0	False	False	False	"[""cell_line""]"
20	adamson2016_10x001	/Volumes/MOVESPEED/pgaa_cross_platform/v3b/sources/adamson2016_10x001/AdamsonWeissman2016_GSM2406675_10X001.h5ad	cell_line	category	1	0	False	False	False	"[""K562""]"
20	adamson2016_10x001	/Volumes/MOVESPEED/pgaa_cross_platform/v3b/sources/adamson2016_10x001/AdamsonWeissman2016_GSM2406675_10X001.h5ad	cancer	bool	1	0	False	False	False	"[""True""]"
20	adamson2016_10x001	/Volumes/MOVESPEED/pgaa_cross_platform/v3b/sources/adamson2016_10x001/AdamsonWeissman2016_GSM2406675_10X001.h5ad	disease	category	1	0	False	False	False	"[""chronic myelogenous leukemia""]"
20	adamson2016_10x001	/Volumes/MOVESPEED/pgaa_cross_platform/v3b/sources/adamson2016_10x001/AdamsonWeissman2016_GSM2406675_10X001.h5ad	perturbation_type	category	1	0	False	True	False	"[""CRISPR""]"
20	adamson2016_10x001	/Volumes/MOVESPEED/pgaa_cross_platform/v3b/sources/adamson2016_10x001/AdamsonWeissman2016_GSM2406675_10X001.h5ad	celltype	category	1	0	False	False	False	"[""lymphoblasts""]"
20	adamson2016_10x001	/Volumes/MOVESPEED/pgaa_cross_platform/v3b/sources/adamson2016_10x001/AdamsonWeissman2016_GSM2406675_10X001.h5ad	organism	category	1	0	False	False	False	"[""human""]"
20	adamson2016_10x001	/Volumes/MOVESPEED/pgaa_cross_platform/v3b/sources/adamson2016_10x001/AdamsonWeissman2016_GSM2406675_10X001.h5ad	ncounts	float32	4481	0	False	False	False	"[""10000.0"", ""10001.0"", ""10002.0"", ""10003.0"", ""10006.0"", ""10008.0"", ""10010.0"", ""10012.0"", ""10014.0"", ""10015.0"", ""10017.0"", ""10018.0"", ""10019.0"", ""10021.0"", ""10023.0"", ""10024.0""]"
20	adamson2016_10x001	/Volumes/MOVESPEED/pgaa_cross_platform/v3b/sources/adamson2016_10x001/AdamsonWeissman2016_GSM2406675_10X001.h5ad	ngenes	int64	1808	0	False	True	False	"[""1003"", ""1005"", ""1020"", ""1041"", ""1042"", ""1045"", ""1051"", ""1064"", ""1067"", ""1075"", ""1078"", ""1085"", ""1098"", ""1111"", ""1116"", ""1121""]"
20	adamson2016_10x001	/Volumes/MOVESPEED/pgaa_cross_platform/v3b/sources/adamson2016_10x001/AdamsonWeissman2016_GSM2406675_10X001.h5ad	percent_mito	float32	1	0	False	False	False	"[""0.0""]"
20	adamson2016_10x001	/Volumes/MOVESPEED/pgaa_cross_platform/v3b/sources/adamson2016_10x001/AdamsonWeissman2016_GSM2406675_10X001.h5ad	percent_ribo	float32	5750	0	False	False	False	"[""15.3141775"", ""17.66488"", ""18.480373"", ""20.453173"", ""20.63821"", ""20.964361"", ""21.402819"", ""21.41724"", ""21.913843"", ""22.135162"", ""22.240915"", ""22.251247"", ""22.372343"", ""22.524544"", ""22.817461"", ""22.848528""]"
20	adamson2016_10x001	/Volumes/MOVESPEED/pgaa_cross_platform/v3b/sources/adamson2016_10x001/AdamsonWeissman2016_GSM2406675_10X001.h5ad	nperts	int64	3	0	False	False	False	"[""0"", ""1"", ""2""]"
21	adamson2016_10x005	/Volumes/MOVESPEED/pgaa_cross_platform/v3b/sources/adamson2016_10x005/AdamsonWeissman2016_GSM2406677_10X005.h5ad	perturbation	category	20	296	False	True	True	"[""*"", ""3x_neg_ctrl_pMJ144-1"", ""3x_neg_ctrl_pMJ144-2"", ""ATF4_pBA576"", ""ATF6_IRE1_pMJ152"", ""ATF6_PERK_IRE1_pMJ158"", ""ATF6_PERK_pMJ150"", ""ATF6_only_pMJ145"", ""C7orf26_pDS004"", ""Gal4-4(mod)_pBA582"", ""IER3IP1_pDS003"", ""IRE1_only_pMJ148"", ""PERK_IRE1_pMJ154"", ""PERK_only_pMJ146"", ""PSMA1_pDS007"", ""PSMD12_pDS009""]"
21	adamson2016_10x005	/Volumes/MOVESPEED/pgaa_cross_platform/v3b/sources/adamson2016_10x005/AdamsonWeissman2016_GSM2406677_10X005.h5ad	read count	float64	800	296	False	False	False	"[""1.0"", ""10.0"", ""100.0"", ""1006.0"", ""101.0"", ""102.0"", ""1025.0"", ""103.0"", ""104.0"", ""105.0"", ""106.0"", ""1064.0"", ""1068.0"", ""107.0"", ""1071.0"", ""108.0""]"
21	adamson2016_10x005	/Volumes/MOVESPEED/pgaa_cross_platform/v3b/sources/adamson2016_10x005/AdamsonWeissman2016_GSM2406677_10X005.h5ad	UMI count	float64	196	296	False	False	False	"[""1.0"", ""10.0"", ""100.0"", ""101.0"", ""102.0"", ""103.0"", ""104.0"", ""105.0"", ""106.0"", ""107.0"", ""108.0"", ""109.0"", ""11.0"", ""110.0"", ""111.0"", ""112.0""]"
21	adamson2016_10x005	/Volumes/MOVESPEED/pgaa_cross_platform/v3b/sources/adamson2016_10x005/AdamsonWeissman2016_GSM2406677_10X005.h5ad	tissue_type	category	1	0	False	False	False	"[""cell_line""]"
21	adamson2016_10x005	/Volumes/MOVESPEED/pgaa_cross_platform/v3b/sources/adamson2016_10x005/AdamsonWeissman2016_GSM2406677_10X005.h5ad	cell_line	category	1	0	False	False	False	"[""K562""]"
21	adamson2016_10x005	/Volumes/MOVESPEED/pgaa_cross_platform/v3b/sources/adamson2016_10x005/AdamsonWeissman2016_GSM2406677_10X005.h5ad	cancer	bool	1	0	False	False	False	"[""True""]"
21	adamson2016_10x005	/Volumes/MOVESPEED/pgaa_cross_platform/v3b/sources/adamson2016_10x005/AdamsonWeissman2016_GSM2406677_10X005.h5ad	disease	category	1	0	False	False	False	"[""chronic myelogenous leukemia""]"
21	adamson2016_10x005	/Volumes/MOVESPEED/pgaa_cross_platform/v3b/sources/adamson2016_10x005/AdamsonWeissman2016_GSM2406677_10X005.h5ad	perturbation_type	category	1	0	False	True	False	"[""CRISPR""]"
21	adamson2016_10x005	/Volumes/MOVESPEED/pgaa_cross_platform/v3b/sources/adamson2016_10x005/AdamsonWeissman2016_GSM2406677_10X005.h5ad	celltype	category	1	0	False	False	False	"[""lymphoblasts""]"
21	adamson2016_10x005	/Volumes/MOVESPEED/pgaa_cross_platform/v3b/sources/adamson2016_10x005/AdamsonWeissman2016_GSM2406677_10X005.h5ad	organism	category	1	0	False	False	False	"[""human""]"
21	adamson2016_10x005	/Volumes/MOVESPEED/pgaa_cross_platform/v3b/sources/adamson2016_10x005/AdamsonWeissman2016_GSM2406677_10X005.h5ad	ncounts	float32	11516	0	False	False	False	"[""10015.0"", ""10024.0"", ""10027.0"", ""10030.0"", ""10037.0"", ""10043.0"", ""10048.0"", ""10055.0"", ""10064.0"", ""10065.0"", ""10069.0"", ""10071.0"", ""10075.0"", ""10078.0"", ""10082.0"", ""10089.0""]"
21	adamson2016_10x005	/Volumes/MOVESPEED/pgaa_cross_platform/v3b/sources/adamson2016_10x005/AdamsonWeissman2016_GSM2406677_10X005.h5ad	ngenes	int64	3164	0	False	True	False	"[""1036"", ""1201"", ""1306"", ""1327"", ""1342"", ""1425"", ""1483"", ""1506"", ""1510"", ""1529"", ""1537"", ""1556"", ""1565"", ""1567"", ""1588"", ""1603""]"
21	adamson2016_10x005	/Volumes/MOVESPEED/pgaa_cross_platform/v3b/sources/adamson2016_10x005/AdamsonWeissman2016_GSM2406677_10X005.h5ad	percent_mito	float32	14978	0	False	False	False	"[""0.0"", ""0.0132714"", ""0.02466294"", ""0.026752274"", ""0.0271813"", ""0.03148119"", ""0.03478866"", ""0.037067927"", ""0.037800036"", ""0.040625636"", ""0.045289855"", ""0.052507218"", ""0.052919388"", ""0.05298481"", ""0.054312404"", ""0.056670986""]"
21	adamson2016_10x005	/Volumes/MOVESPEED/pgaa_cross_platform/v3b/sources/adamson2016_10x005/AdamsonWeissman2016_GSM2406677_10X005.h5ad	percent_ribo	float32	14975	0	False	False	False	"[""10.224949"", ""11.326084"", ""11.399738"", ""11.413324"", ""11.450381"", ""12.359851"", ""12.919379"", ""13.171729"", ""13.504389"", ""13.977101"", ""14.240815"", ""14.618393"", ""14.762066"", ""15.168539"", ""15.230706"", ""15.244286""]"
21	adamson2016_10x005	/Volumes/MOVESPEED/pgaa_cross_platform/v3b/sources/adamson2016_10x005/AdamsonWeissman2016_GSM2406677_10X005.h5ad	nperts	int64	5	0	False	False	False	"[""0"", ""1"", ""2"", ""3"", ""4""]"
22	norman2019_k562_crispra	/Volumes/MOVESPEED/pgaa_cross_platform/v3b/sources/norman2019_k562_crispra/NormanWeissman2019_filtered.h5ad	guide_id	category	290	0	False	True	True	"[""AHR_FEV;AHR_FEV"", ""AHR_KLF1;AHR_KLF1"", ""AHR_NegCtrl0;AHR_NegCtrl0"", ""ARID1A_NegCtrl0;ARID1A_NegCtrl0"", ""ARRDC3_NegCtrl0;ARRDC3_NegCtrl0"", ""ATL1_NegCtrl0;ATL1_NegCtrl0"", ""BAK1_NegCtrl0;BAK1_NegCtrl0"", ""BCL2L11_BAK1;BCL2L11_BAK1"", ""BCL2L11_NegCtrl0;BCL2L11_NegCtrl0"", ""BCL2L11_TGFBR2;BCL2L11_TGFBR2"", ""BCORL1_NegCtrl0;BCORL1_NegCtrl0"", ""BPGM_NegCtrl0;BPGM_NegCtrl0"", ""BPGM_SAMD1;BPGM_SAMD1"", ""BPGM_ZBTB1;BPGM_ZBTB1"", ""C19orf26_NegCtrl0;C19orf26_NegCtrl0"", ""C3orf72_FOXL2;C3orf72_FOXL2""]"
22	norman2019_k562_crispra	/Volumes/MOVESPEED/pgaa_cross_platform/v3b/sources/norman2019_k562_crispra/NormanWeissman2019_filtered.h5ad	read_count	int64	4592	0	False	False	False	"[""1"", ""10"", ""100"", ""1000"", ""1001"", ""1002"", ""1003"", ""1004"", ""1005"", ""1006"", ""1007"", ""1008"", ""1009"", ""101"", ""1010"", ""1011""]"
22	norman2019_k562_crispra	/Volumes/MOVESPEED/pgaa_cross_platform/v3b/sources/norman2019_k562_crispra/NormanWeissman2019_filtered.h5ad	UMI_count	int64	338	0	False	False	False	"[""1"", ""10"", ""100"", ""101"", ""102"", ""103"", ""104"", ""105"", ""106"", ""1067"", ""107"", ""108"", ""109"", ""11"", ""110"", ""111""]"
22	norman2019_k562_crispra	/Volumes/MOVESPEED/pgaa_cross_platform/v3b/sources/norman2019_k562_crispra/NormanWeissman2019_filtered.h5ad	coverage	float64	41354	0	False	False	False	"[""1.0"", ""1.1"", ""1.125"", ""1.1428571428571428"", ""1.1666666666666667"", ""1.181818181818182"", ""1.3333333333333333"", ""1.3636363636363635"", ""1.3793103448275863"", ""1.3846153846153846"", ""1.4"", ""1.4444444444444444"", ""1.4666666666666666"", ""1.5"", ""1.5909090909090908"", ""1.5957446808510638""]"
22	norman2019_k562_crispra	/Volumes/MOVESPEED/pgaa_cross_platform/v3b/sources/norman2019_k562_crispra/NormanWeissman2019_filtered.h5ad	gemgroup	int64	8	0	False	False	False	"[""1"", ""2"", ""3"", ""4"", ""5"", ""6"", ""7"", ""8""]"
22	norman2019_k562_crispra	/Volumes/MOVESPEED/pgaa_cross_platform/v3b/sources/norman2019_k562_crispra/NormanWeissman2019_filtered.h5ad	good_coverage	bool	2	0	False	False	False	"[""False"", ""True""]"
22	norman2019_k562_crispra	/Volumes/MOVESPEED/pgaa_cross_platform/v3b/sources/norman2019_k562_crispra/NormanWeissman2019_filtered.h5ad	number_of_cells	int64	8	0	False	False	False	"[""0"", ""1"", ""10"", ""2"", ""3"", ""4"", ""5"", ""6""]"
22	norman2019_k562_crispra	/Volumes/MOVESPEED/pgaa_cross_platform/v3b/sources/norman2019_k562_crispra/NormanWeissman2019_filtered.h5ad	tissue_type	category	1	0	False	False	False	"[""cell_line""]"
22	norman2019_k562_crispra	/Volumes/MOVESPEED/pgaa_cross_platform/v3b/sources/norman2019_k562_crispra/NormanWeissman2019_filtered.h5ad	cell_line	category	1	0	False	False	False	"[""K562""]"
22	norman2019_k562_crispra	/Volumes/MOVESPEED/pgaa_cross_platform/v3b/sources/norman2019_k562_crispra/NormanWeissman2019_filtered.h5ad	cancer	bool	1	0	False	False	False	"[""True""]"
22	norman2019_k562_crispra	/Volumes/MOVESPEED/pgaa_cross_platform/v3b/sources/norman2019_k562_crispra/NormanWeissman2019_filtered.h5ad	disease	category	1	0	False	False	False	"[""chronic myelogenous leukemia""]"
22	norman2019_k562_crispra	/Volumes/MOVESPEED/pgaa_cross_platform/v3b/sources/norman2019_k562_crispra/NormanWeissman2019_filtered.h5ad	perturbation_type	category	1	0	False	True	False	"[""CRISPR""]"
22	norman2019_k562_crispra	/Volumes/MOVESPEED/pgaa_cross_platform/v3b/sources/norman2019_k562_crispra/NormanWeissman2019_filtered.h5ad	celltype	category	1	0	False	False	False	"[""lymphoblasts""]"
22	norman2019_k562_crispra	/Volumes/MOVESPEED/pgaa_cross_platform/v3b/sources/norman2019_k562_crispra/NormanWeissman2019_filtered.h5ad	organism	category	1	0	False	False	False	"[""human""]"
22	norman2019_k562_crispra	/Volumes/MOVESPEED/pgaa_cross_platform/v3b/sources/norman2019_k562_crispra/NormanWeissman2019_filtered.h5ad	perturbation	category	237	0	False	True	False	"[""AHR"", ""AHR_FEV"", ""AHR_KLF1"", ""ARID1A"", ""ARRDC3"", ""ATL1"", ""BAK1"", ""BCL2L11"", ""BCL2L11_BAK1"", ""BCL2L11_TGFBR2"", ""BCORL1"", ""BPGM"", ""BPGM_SAMD1"", ""BPGM_ZBTB1"", ""C19orf26"", ""C3orf72""]"
22	norman2019_k562_crispra	/Volumes/MOVESPEED/pgaa_cross_platform/v3b/sources/norman2019_k562_crispra/NormanWeissman2019_filtered.h5ad	nperts	int64	3	0	False	False	False	"[""0"", ""1"", ""2""]"
22	norman2019_k562_crispra	/Volumes/MOVESPEED/pgaa_cross_platform/v3b/sources/norman2019_k562_crispra/NormanWeissman2019_filtered.h5ad	ngenes	int64	4328	0	False	True	False	"[""1057"", ""1080"", ""1089"", ""1098"", ""1103"", ""1110"", ""1156"", ""1167"", ""1180"", ""1188"", ""1195"", ""1196"", ""1200"", ""1219"", ""1221"", ""1222""]"
22	norman2019_k562_crispra	/Volumes/MOVESPEED/pgaa_cross_platform/v3b/sources/norman2019_k562_crispra/NormanWeissman2019_filtered.h5ad	ncounts	float64	25082	0	False	False	False	"[""10000.0"", ""10001.0"", ""10002.0"", ""10003.0"", ""10004.0"", ""10005.0"", ""10006.0"", ""10007.0"", ""10008.0"", ""10009.0"", ""10010.0"", ""10011.0"", ""10012.0"", ""10013.0"", ""10014.0"", ""10015.0""]"
22	norman2019_k562_crispra	/Volumes/MOVESPEED/pgaa_cross_platform/v3b/sources/norman2019_k562_crispra/NormanWeissman2019_filtered.h5ad	percent_mito	float64	108814	0	False	False	False	"[""0.044228217602830605"", ""0.06330115524608325"", ""0.06969334926324174"", ""0.0736842105263158"", ""0.07464543418760886"", ""0.08092251669026906"", ""0.09175714941122495"", ""0.11368804001819009"", ""0.15641293013555788"", ""0.1605872906629961"", ""0.16309666195498532"", ""0.16576875259013676"", ""0.19460661662496526"", ""0.21536252692031585"", ""0.2309113300492611"", ""0.23207240659085634""]"
22	norman2019_k562_crispra	/Volumes/MOVESPEED/pgaa_cross_platform/v3b/sources/norman2019_k562_crispra/NormanWeissman2019_filtered.h5ad	percent_ribo	float64	110420	0	False	False	False	"[""10.055478502080444"", ""10.084033613445378"", ""10.095098756400878"", ""10.100395497414056"", ""10.197368421052632"", ""10.328638497652582"", ""10.406272273699216"", ""10.456877595895431"", ""10.465116279069768"", ""10.489098408956982"", ""10.49396767584794"", ""10.55369751021925"", ""10.641200545702592"", ""10.754017305315204"", ""10.821446138711265"", ""10.861001688238604""]"
23	replogle2022_rpe1_crispri	/Volumes/MOVESPEED/pgaa_cross_platform/v3b/sources/replogle2022_rpe1_crispri/ReplogleWeissman2022_rpe1.h5ad	batch	int64	56	0	True	False	False	"[""1"", ""10"", ""11"", ""12"", ""13"", ""14"", ""15"", ""16"", ""17"", ""18"", ""19"", ""2"", ""20"", ""21"", ""22"", ""23""]"
23	replogle2022_rpe1_crispri	/Volumes/MOVESPEED/pgaa_cross_platform/v3b/sources/replogle2022_rpe1_crispri/ReplogleWeissman2022_rpe1.h5ad	gene	category	2394	0	False	True	False	"[""AAAS"", ""AAMP"", ""AAR2"", ""AARS"", ""AARS2"", ""AASDHPPT"", ""AATF"", ""ABCB10"", ""ABCB7"", ""ABCE1"", ""ABCF1"", ""ABCG1"", ""ABHD11"", ""ABHD17A"", ""ABT1"", ""AC118549.1""]"
23	replogle2022_rpe1_crispri	/Volumes/MOVESPEED/pgaa_cross_platform/v3b/sources/replogle2022_rpe1_crispri/ReplogleWeissman2022_rpe1.h5ad	gene_id	category	2391	458	False	True	False	"[""ENSG00000001084"", ""ENSG00000001497"", ""ENSG00000003509"", ""ENSG00000004487"", ""ENSG00000004779"", ""ENSG00000004897"", ""ENSG00000005007"", ""ENSG00000005100"", ""ENSG00000005175"", ""ENSG00000005194"", ""ENSG00000005448"", ""ENSG00000006634"", ""ENSG00000006695"", ""ENSG00000006712"", ""ENSG00000006715"", ""ENSG00000006744""]"
23	replogle2022_rpe1_crispri	/Volumes/MOVESPEED/pgaa_cross_platform/v3b/sources/replogle2022_rpe1_crispri/ReplogleWeissman2022_rpe1.h5ad	transcript	category	62	0	False	False	False	"[""ENST00000248058.1"", ""ENST00000248384.1"", ""ENST00000261439.4"", ""ENST00000263377.2,ENST00000371835.4"", ""ENST00000274400.5,ENST00000330280.7"", ""ENST00000279873.7"", ""ENST00000281708.4"", ""ENST00000285600.4"", ""ENST00000299687.5"", ""ENST00000315947.1"", ""ENST00000321253.6"", ""ENST00000326183.3"", ""ENST00000327462.2"", ""ENST00000328570.3"", ""ENST00000329516.3"", ""ENST00000330339.7""]"
23	replogle2022_rpe1_crispri	/Volumes/MOVESPEED/pgaa_cross_platform/v3b/sources/replogle2022_rpe1_crispri/ReplogleWeissman2022_rpe1.h5ad	gene_transcript	category	2662	0	False	True	False	"[""10005_ZBTB4_P1_ENSG00000174282"", ""10020_ZC3H13_P1P2_ENSG00000123200"", ""10023_ZC3H18_P1P2_ENSG00000158545"", ""10024_ZC3H3_P1P2_ENSG00000014164"", ""10025_ZC3H4_P1_ENSG00000130749"", ""10029_ZC3H8_P1P2_ENSG00000144161"", ""10040_ZCCHC9_P1P2_ENSG00000131732"", ""10041_ZCRB1_P1P2_ENSG00000139168"", ""1004_C17orf58_P1P2_ENSG00000186665"", ""10054_ZDHHC7_P1P2_ENSG00000153786"", ""10055_ZDHHC7_P1P2_ENSG00000153786"", ""10056_ZDHHC7_P1P2_ENSG00000153786"", ""10073_ZFC3H1_P1P2_ENSG00000133858"", ""10094_ZFP69B_P1P2_ENSG00000187801"", ""10104_ZFR_P1P2_ENSG00000056097"", ""1011_C18orf21_P1P2_ENSG00000141428""]"
23	replogle2022_rpe1_crispri	/Volumes/MOVESPEED/pgaa_cross_platform/v3b/sources/replogle2022_rpe1_crispri/ReplogleWeissman2022_rpe1.h5ad	guide_id	category	2662	0	False	True	False	"[""AAAS_-_53715438.23-P1P2|AAAS_+_53715355.23-P1P2"", ""AAMP_+_219134851.23-P1P2|AAMP_+_219134841.23-P1P2"", ""AAR2_-_34824434.23-P1P2|AAR2_+_34824488.23-P1P2"", ""AARS2_+_44281027.23-P1P2|AARS2_+_44281044.23-P1P2"", ""AARS_+_70323362.23-P1P2|AARS_-_70323332.23-P1P2"", ""AASDHPPT_+_105948405.23-P1P2|AASDHPPT_+_105948450.23-P1P2"", ""AATF_-_35306286.23-P1P2|AATF_-_35306346.23-P1P2"", ""ABCB10_+_229694285.23-P1P2|ABCB10_-_229694297.23-P1P2"", ""ABCB7_-_74376019.23-P1P2|ABCB7_+_74375885.23-P1P2"", ""ABCE1_-_146019502.23-P1P2|ABCE1_-_146019516.23-P1P2"", ""ABCF1_+_30539238.23-P1|ABCF1_+_30539469.23-P1"", ""ABCF1_-_30546354.23-P2|ABCF1_-_30546344.23-P2"", ""ABCG1_-_43639282.23-P1P2|ABCG1_+_43639503.23-P1P2"", ""ABHD11_-_73153094.23-P1P2|ABHD11_+_73152963.23-P1P2"", ""ABHD17A_-_1885483.23-P1P2|ABHD17A_+_1885470.23-P1P2"", ""ABT1_-_26597263.23-P1P2|ABT1_+_26597412.23-P1P2""]"
23	replogle2022_rpe1_crispri	/Volumes/MOVESPEED/pgaa_cross_platform/v3b/sources/replogle2022_rpe1_crispri/ReplogleWeissman2022_rpe1.h5ad	percent_mito	float64	233450	0	False	False	False	"[""0.0"", ""0.00010834236"", ""0.00011510129"", ""0.000117481206"", ""0.00012054002"", ""0.00012141816"", ""0.00013437249"", ""0.00015060241"", ""0.00015537601"", ""0.00016953463"", ""0.0001799856"", ""0.00018880393"", ""0.00019577134"", ""0.0002004008"", ""0.00020279862"", ""0.00020686802""]"
23	replogle2022_rpe1_crispri	/Volumes/MOVESPEED/pgaa_cross_platform/v3b/sources/replogle2022_rpe1_crispri/ReplogleWeissman2022_rpe1.h5ad	UMI_count	float64	31699	0	False	False	False	"[""10000.0"", ""10001.0"", ""10002.0"", ""10003.0"", ""10004.0"", ""10005.0"", ""10006.0"", ""10007.0"", ""10008.0"", ""10009.0"", ""100098.0"", ""10010.0"", ""10011.0"", ""10012.0"", ""10013.0"", ""10014.0""]"
23	replogle2022_rpe1_crispri	/Volumes/MOVESPEED/pgaa_cross_platform/v3b/sources/replogle2022_rpe1_crispri/ReplogleWeissman2022_rpe1.h5ad	z_gemgroup_UMI	float64	212500	0	False	False	False	"[""-0.00010959249"", ""-0.00011122777"", ""-0.0001363896"", ""-0.00013666094"", ""-0.00014870783"", ""-0.00015587779"", ""-0.00015751737"", ""-0.00016342184"", ""-0.00016900172"", ""-0.00017103383"", ""-0.00017188584"", ""-0.00019517395"", ""-0.00019594326"", ""-0.00020826729"", ""-0.00021079142"", ""-0.00023764126""]"
23	replogle2022_rpe1_crispri	/Volumes/MOVESPEED/pgaa_cross_platform/v3b/sources/replogle2022_rpe1_crispri/ReplogleWeissman2022_rpe1.h5ad	core_scale_factor	float64	56	0	False	False	False	"[""0.49339604"", ""0.6007104"", ""0.6447045"", ""0.7096276"", ""0.7103167"", ""0.7210631"", ""0.72502494"", ""0.732215"", ""0.7359451"", ""0.74805945"", ""0.77722335"", ""0.7907049"", ""0.80121505"", ""0.84149134"", ""0.8730785"", ""0.8766164""]"
23	replogle2022_rpe1_crispri	/Volumes/MOVESPEED/pgaa_cross_platform/v3b/sources/replogle2022_rpe1_crispri/ReplogleWeissman2022_rpe1.h5ad	core_adjusted_UMI_count	float64	211406	0	False	False	False	"[""10000.0"", ""10000.246"", ""10000.254"", ""10000.287"", ""10000.465"", ""10000.466"", ""10000.512"", ""10000.542"", ""10000.547"", ""10000.736"", ""10000.77"", ""10000.778"", ""10000.781"", ""10000.883"", ""10001.02"", ""10001.0205""]"
23	replogle2022_rpe1_crispri	/Volumes/MOVESPEED/pgaa_cross_platform/v3b/sources/replogle2022_rpe1_crispri/ReplogleWeissman2022_rpe1.h5ad	disease	float64	0	247914	False	False	False	[]
23	replogle2022_rpe1_crispri	/Volumes/MOVESPEED/pgaa_cross_platform/v3b/sources/replogle2022_rpe1_crispri/ReplogleWeissman2022_rpe1.h5ad	cancer	bool	1	0	False	False	False	"[""False""]"
23	replogle2022_rpe1_crispri	/Volumes/MOVESPEED/pgaa_cross_platform/v3b/sources/replogle2022_rpe1_crispri/ReplogleWeissman2022_rpe1.h5ad	cell_line	category	1	0	False	False	False	"[""RPE1""]"
23	replogle2022_rpe1_crispri	/Volumes/MOVESPEED/pgaa_cross_platform/v3b/sources/replogle2022_rpe1_crispri/ReplogleWeissman2022_rpe1.h5ad	sex	category	1	0	False	False	False	"[""Female""]"
23	replogle2022_rpe1_crispri	/Volumes/MOVESPEED/pgaa_cross_platform/v3b/sources/replogle2022_rpe1_crispri/ReplogleWeissman2022_rpe1.h5ad	age	int64	1	0	False	False	False	"[""1""]"
23	replogle2022_rpe1_crispri	/Volumes/MOVESPEED/pgaa_cross_platform/v3b/sources/replogle2022_rpe1_crispri/ReplogleWeissman2022_rpe1.h5ad	perturbation	category	2394	0	False	True	False	"[""AAAS"", ""AAMP"", ""AAR2"", ""AARS"", ""AARS2"", ""AASDHPPT"", ""AATF"", ""ABCB10"", ""ABCB7"", ""ABCE1"", ""ABCF1"", ""ABCG1"", ""ABHD11"", ""ABHD17A"", ""ABT1"", ""AC118549.1""]"
23	replogle2022_rpe1_crispri	/Volumes/MOVESPEED/pgaa_cross_platform/v3b/sources/replogle2022_rpe1_crispri/ReplogleWeissman2022_rpe1.h5ad	organism	category	1	0	False	False	False	"[""human""]"
23	replogle2022_rpe1_crispri	/Volumes/MOVESPEED/pgaa_cross_platform/v3b/sources/replogle2022_rpe1_crispri/ReplogleWeissman2022_rpe1.h5ad	perturbation_type	category	1	0	False	True	False	"[""CRISPR""]"
23	replogle2022_rpe1_crispri	/Volumes/MOVESPEED/pgaa_cross_platform/v3b/sources/replogle2022_rpe1_crispri/ReplogleWeissman2022_rpe1.h5ad	tissue_type	category	1	0	False	False	False	"[""cell_line""]"
23	replogle2022_rpe1_crispri	/Volumes/MOVESPEED/pgaa_cross_platform/v3b/sources/replogle2022_rpe1_crispri/ReplogleWeissman2022_rpe1.h5ad	ncounts	float64	31346	0	False	False	False	"[""10000.0"", ""10001.0"", ""10002.0"", ""10003.0"", ""100039.0"", ""10004.0"", ""10005.0"", ""10006.0"", ""10007.0"", ""10008.0"", ""10009.0"", ""10010.0"", ""10011.0"", ""10012.0"", ""10013.0"", ""10014.0""]"
23	replogle2022_rpe1_crispri	/Volumes/MOVESPEED/pgaa_cross_platform/v3b/sources/replogle2022_rpe1_crispri/ReplogleWeissman2022_rpe1.h5ad	ngenes	int64	6031	0	False	True	False	"[""1002"", ""1007"", ""1010"", ""1011"", ""1012"", ""1015"", ""1018"", ""1023"", ""1024"", ""1026"", ""1033"", ""1038"", ""1042"", ""1043"", ""1044"", ""1046""]"
23	replogle2022_rpe1_crispri	/Volumes/MOVESPEED/pgaa_cross_platform/v3b/sources/replogle2022_rpe1_crispri/ReplogleWeissman2022_rpe1.h5ad	nperts	int64	2	0	False	False	False	"[""0"", ""1""]"
23	replogle2022_rpe1_crispri	/Volumes/MOVESPEED/pgaa_cross_platform/v3b/sources/replogle2022_rpe1_crispri/ReplogleWeissman2022_rpe1.h5ad	percent_ribo	float64	238910	0	False	False	False	"[""0.01986183"", ""0.027268453"", ""0.02892413"", ""0.0309254"", ""0.032815576"", ""0.03322785"", ""0.03424947"", ""0.035811838"", ""0.03735301"", ""0.037733316"", ""0.03920386"", ""0.039653037"", ""0.039772727"", ""0.04017577"", ""0.04207665"", ""0.04491161""]"
23	replogle2022_rpe1_crispri	/Volumes/MOVESPEED/pgaa_cross_platform/v3b/sources/replogle2022_rpe1_crispri/ReplogleWeissman2022_rpe1.h5ad	celltype	category	1	0	False	False	False	"[""retinal pigment epithelial cells""]"
24	lara2023_bone_marrow_invivo	/Volumes/MOVESPEED/pgaa_cross_platform/v3b/sources/lara2023_bone_marrow_invivo/LaraAstiasoHuntly2023_invivo.h5ad	time	category	2	58083	True	False	False	"[""14d"", ""28d""]"
24	lara2023_bone_marrow_invivo	/Volumes/MOVESPEED/pgaa_cross_platform/v3b/sources/lara2023_bone_marrow_invivo/LaraAstiasoHuntly2023_invivo.h5ad	perturbation	category	41	79771	False	True	False	"[""Ash1l"", ""Atf7ip"", ""Brd9"", ""Carm1"", ""Cbx3"", ""Cebpa"", ""Chaf1a"", ""Chd4"", ""Chmp2a"", ""Crebbp"", ""Ehmt1"", ""Ehmt2"", ""Ezh2"", ""Gata2"", ""Gltscr1"", ""Hdac1""]"
24	lara2023_bone_marrow_invivo	/Volumes/MOVESPEED/pgaa_cross_platform/v3b/sources/lara2023_bone_marrow_invivo/LaraAstiasoHuntly2023_invivo.h5ad	guide_id	category	86	79771	False	True	False	"[""Ash1l_B_72562"", ""Ash1l_B_72565"", ""Atf7ip_BR_23438"", ""Atf7ip_BR_23441"", ""Brd9_AS_70306"", ""Brd9_BR_48005"", ""Carm1_B_69142"", ""Carm1_B_69143"", ""Cbx3_B_68895"", ""Cbx3_B_68896"", ""Cebpa_BR_2713"", ""Cebpa_BR_2714"", ""Chaf1a_B_66374"", ""Chaf1a_B_66375"", ""Chd4_AS_66308"", ""Chd4_AS_66310""]"
24	lara2023_bone_marrow_invivo	/Volumes/MOVESPEED/pgaa_cross_platform/v3b/sources/lara2023_bone_marrow_invivo/LaraAstiasoHuntly2023_invivo.h5ad	sample	category	12	0	True	False	True	"[""inVivo_NTC_lin-andckit_14d_1"", ""inVivo_OP1_ckit_14d_1"", ""inVivo_OP1_lin-_14d_1"", ""inVivo_OP1_lin-_14d_2"", ""inVivo_OP1_lin-_28d_1"", ""inVivo_OP1_lin-_28d_2"", ""inVivo_OP2_ckit_14d_1"", ""inVivo_OP2_lin-_14d_1"", ""inVivo_OP3_ckit_14d_1"", ""inVivo_OP3_lin-_14d_1"", ""inVivo_OP4_ckit_14d_1"", ""inVivo_OP4_lin-_14d_1""]"
24	lara2023_bone_marrow_invivo	/Volumes/MOVESPEED/pgaa_cross_platform/v3b/sources/lara2023_bone_marrow_invivo/LaraAstiasoHuntly2023_invivo.h5ad	cellcycle_phase	category	3	58083	False	False	False	"[""G1"", ""G2M"", ""S""]"
24	lara2023_bone_marrow_invivo	/Volumes/MOVESPEED/pgaa_cross_platform/v3b/sources/lara2023_bone_marrow_invivo/LaraAstiasoHuntly2023_invivo.h5ad	Mixscape_classification	category	3	80992	False	False	True	"[""KO"", ""NP"", ""NTC""]"
24	lara2023_bone_marrow_invivo	/Volumes/MOVESPEED/pgaa_cross_platform/v3b/sources/lara2023_bone_marrow_invivo/LaraAstiasoHuntly2023_invivo.h5ad	celltype	category	19	58083	False	False	False	"[""B-cell"", ""CLP"", ""EBMP"", ""Eo/Ba"", ""Ery"", ""GMP"", ""GMP (early)"", ""GMP (late)"", ""Gran."", ""Gran. P"", ""HSC"", ""Imm. B-cell"", ""MEP"", ""MEP (G1)"", ""MEP (S)"", ""MEP (early)""]"
24	lara2023_bone_marrow_invivo	/Volumes/MOVESPEED/pgaa_cross_platform/v3b/sources/lara2023_bone_marrow_invivo/LaraAstiasoHuntly2023_invivo.h5ad	organism	category	1	0	False	False	False	"[""Mus musculus""]"
24	lara2023_bone_marrow_invivo	/Volumes/MOVESPEED/pgaa_cross_platform/v3b/sources/lara2023_bone_marrow_invivo/LaraAstiasoHuntly2023_invivo.h5ad	disease	category	1	0	False	False	False	"[""healthy""]"
24	lara2023_bone_marrow_invivo	/Volumes/MOVESPEED/pgaa_cross_platform/v3b/sources/lara2023_bone_marrow_invivo/LaraAstiasoHuntly2023_invivo.h5ad	cancer	bool	1	0	False	False	False	"[""False""]"
24	lara2023_bone_marrow_invivo	/Volumes/MOVESPEED/pgaa_cross_platform/v3b/sources/lara2023_bone_marrow_invivo/LaraAstiasoHuntly2023_invivo.h5ad	perturbation_type	category	1	0	False	True	False	"[""CRISPR-cas9""]"
24	lara2023_bone_marrow_invivo	/Volumes/MOVESPEED/pgaa_cross_platform/v3b/sources/lara2023_bone_marrow_invivo/LaraAstiasoHuntly2023_invivo.h5ad	tissue_type	category	1	0	False	False	False	"[""primary""]"
24	lara2023_bone_marrow_invivo	/Volumes/MOVESPEED/pgaa_cross_platform/v3b/sources/lara2023_bone_marrow_invivo/LaraAstiasoHuntly2023_invivo.h5ad	tissue	category	1	0	False	False	False	"[""bone marrow transplant""]"
24	lara2023_bone_marrow_invivo	/Volumes/MOVESPEED/pgaa_cross_platform/v3b/sources/lara2023_bone_marrow_invivo/LaraAstiasoHuntly2023_invivo.h5ad	ncounts	float32	35144	0	False	False	False	"[""1000.0"", ""10000.0"", ""10001.0"", ""10002.0"", ""10003.0"", ""10004.0"", ""10005.0"", ""10006.0"", ""10007.0"", ""10008.0"", ""10009.0"", ""1001.0"", ""10010.0"", ""10011.0"", ""10012.0"", ""10013.0""]"
24	lara2023_bone_marrow_invivo	/Volumes/MOVESPEED/pgaa_cross_platform/v3b/sources/lara2023_bone_marrow_invivo/LaraAstiasoHuntly2023_invivo.h5ad	ngenes	int64	7175	0	False	True	False	"[""100"", ""1000"", ""1001"", ""1002"", ""1003"", ""1004"", ""1005"", ""1006"", ""1007"", ""1008"", ""1009"", ""101"", ""1010"", ""1011"", ""1012"", ""1013""]"
24	lara2023_bone_marrow_invivo	/Volumes/MOVESPEED/pgaa_cross_platform/v3b/sources/lara2023_bone_marrow_invivo/LaraAstiasoHuntly2023_invivo.h5ad	percent_mito	float32	119358	0	False	False	False	"[""0.0"", ""0.010973335"", ""0.011574074"", ""0.012432013"", ""0.012630249"", ""0.018436579"", ""0.018971732"", ""0.020092426"", ""0.022235906"", ""0.02258356"", ""0.02341098"", ""0.024360536"", ""0.026486559"", ""0.026975991"", ""0.028142588"", ""0.029044438""]"
24	lara2023_bone_marrow_invivo	/Volumes/MOVESPEED/pgaa_cross_platform/v3b/sources/lara2023_bone_marrow_invivo/LaraAstiasoHuntly2023_invivo.h5ad	percent_ribo	float32	127474	0	False	False	False	"[""0.10269953"", ""0.18700327"", ""0.19410825"", ""0.2366864"", ""0.23710729"", ""0.2379536"", ""0.26773763"", ""0.2777778"", ""0.28505257"", ""0.2875629"", ""0.30503306"", ""0.30864197"", ""0.3142506"", ""0.3438114"", ""0.35778177"", ""0.36251873""]"
24	lara2023_bone_marrow_invivo	/Volumes/MOVESPEED/pgaa_cross_platform/v3b/sources/lara2023_bone_marrow_invivo/LaraAstiasoHuntly2023_invivo.h5ad	nperts	int64	2	0	False	False	False	"[""0"", ""1""]"
25	schiebinger2019_reprogramming_gse106340	/Volumes/MOVESPEED/pgaa_cross_platform/v3b/sources/schiebinger2019_reprogramming_gse106340/SchiebingerLander2019_GSE106340.h5ad	GSM	category	22	0	False	False	False	"[""GSM2836267"", ""GSM2836268"", ""GSM2836269"", ""GSM2836270"", ""GSM2836271"", ""GSM2836272"", ""GSM2836273"", ""GSM2836274"", ""GSM2836275"", ""GSM2836276"", ""GSM2836277"", ""GSM2836278"", ""GSM2836279"", ""GSM2836280"", ""GSM2836281"", ""GSM2836282""]"
25	schiebinger2019_reprogramming_gse106340	/Volumes/MOVESPEED/pgaa_cross_platform/v3b/sources/schiebinger2019_reprogramming_gse106340/SchiebingerLander2019_GSE106340.h5ad	perturbation	category	2	29837	False	True	True	"[""2i (LIF+MEKi+GSK3i)"", ""control""]"
25	schiebinger2019_reprogramming_gse106340	/Volumes/MOVESPEED/pgaa_cross_platform/v3b/sources/schiebinger2019_reprogramming_gse106340/SchiebingerLander2019_GSE106340.h5ad	age	category	11	0	False	False	False	"[""D0"", ""D10"", ""D11"", ""D12"", ""D16"", ""D2"", ""D4"", ""D6"", ""D8"", ""D9"", ""iPSCs""]"
25	schiebinger2019_reprogramming_gse106340	/Volumes/MOVESPEED/pgaa_cross_platform/v3b/sources/schiebinger2019_reprogramming_gse106340/SchiebingerLander2019_GSE106340.h5ad	ncounts	float64	18361	0	False	False	False	"[""10000.0"", ""10001.0"", ""10002.0"", ""10003.0"", ""10004.0"", ""10005.0"", ""10006.0"", ""10007.0"", ""10008.0"", ""10009.0"", ""1001.0"", ""10010.0"", ""10011.0"", ""10012.0"", ""10013.0"", ""10014.0""]"
25	schiebinger2019_reprogramming_gse106340	/Volumes/MOVESPEED/pgaa_cross_platform/v3b/sources/schiebinger2019_reprogramming_gse106340/SchiebingerLander2019_GSE106340.h5ad	ngenes	int64	4258	0	False	True	False	"[""1000"", ""1001"", ""1002"", ""1003"", ""1004"", ""1005"", ""1006"", ""1007"", ""1008"", ""1009"", ""1010"", ""1011"", ""1012"", ""1013"", ""1014"", ""1015""]"
25	schiebinger2019_reprogramming_gse106340	/Volumes/MOVESPEED/pgaa_cross_platform/v3b/sources/schiebinger2019_reprogramming_gse106340/SchiebingerLander2019_GSE106340.h5ad	organism	category	1	0	False	False	False	"[""mouse""]"
25	schiebinger2019_reprogramming_gse106340	/Volumes/MOVESPEED/pgaa_cross_platform/v3b/sources/schiebinger2019_reprogramming_gse106340/SchiebingerLander2019_GSE106340.h5ad	percent_mito	float64	59380	0	False	False	False	"[""0.0"", ""0.0059722885"", ""0.0064329365"", ""0.006475845"", ""0.006569439"", ""0.007137249"", ""0.007672242"", ""0.008096511"", ""0.008118201"", ""0.008443094"", ""0.008655012"", ""0.008948546"", ""0.010889688"", ""0.010931351"", ""0.010951703"", ""0.011135858""]"
25	schiebinger2019_reprogramming_gse106340	/Volumes/MOVESPEED/pgaa_cross_platform/v3b/sources/schiebinger2019_reprogramming_gse106340/SchiebingerLander2019_GSE106340.h5ad	percent_ribo	float64	67262	0	False	False	False	"[""1.4529198"", ""1.584009"", ""10.003705"", ""10.007698"", ""10.012392"", ""10.018484"", ""10.018553"", ""10.025175"", ""10.026778"", ""10.02889"", ""10.02994"", ""10.032955"", ""10.033574"", ""10.037175"", ""10.038363"", ""10.040774""]"
25	schiebinger2019_reprogramming_gse106340	/Volumes/MOVESPEED/pgaa_cross_platform/v3b/sources/schiebinger2019_reprogramming_gse106340/SchiebingerLander2019_GSE106340.h5ad	tissue_type	category	1	0	False	False	False	"[""stem""]"
25	schiebinger2019_reprogramming_gse106340	/Volumes/MOVESPEED/pgaa_cross_platform/v3b/sources/schiebinger2019_reprogramming_gse106340/SchiebingerLander2019_GSE106340.h5ad	cancer	bool	1	0	False	False	False	"[""False""]"
25	schiebinger2019_reprogramming_gse106340	/Volumes/MOVESPEED/pgaa_cross_platform/v3b/sources/schiebinger2019_reprogramming_gse106340/SchiebingerLander2019_GSE106340.h5ad	disease	category	1	0	False	False	False	"[""healthy""]"
25	schiebinger2019_reprogramming_gse106340	/Volumes/MOVESPEED/pgaa_cross_platform/v3b/sources/schiebinger2019_reprogramming_gse106340/SchiebingerLander2019_GSE106340.h5ad	perturbation_type	category	1	0	False	True	False	"[""drug""]"
25	schiebinger2019_reprogramming_gse106340	/Volumes/MOVESPEED/pgaa_cross_platform/v3b/sources/schiebinger2019_reprogramming_gse106340/SchiebingerLander2019_GSE106340.h5ad	celltype	category	1	0	False	False	False	"[""mESCs""]"
25	schiebinger2019_reprogramming_gse106340	/Volumes/MOVESPEED/pgaa_cross_platform/v3b/sources/schiebinger2019_reprogramming_gse106340/SchiebingerLander2019_GSE106340.h5ad	nperts	int64	1	0	False	False	False	"[""1""]"
26	schraivogel2020_k562_tapseq_chr8	/Volumes/MOVESPEED/pgaa_cross_platform/v3b/sources/schraivogel2020_k562_tapseq_chr8/SchraivogelSteinmetz2020_TAP_SCREEN__chromosome_8_screen.h5ad	replicate	category	14	0	True	False	False	"[""sample_1"", ""sample_10"", ""sample_11"", ""sample_12"", ""sample_13"", ""sample_14"", ""sample_2"", ""sample_3"", ""sample_4"", ""sample_5"", ""sample_6"", ""sample_7"", ""sample_8"", ""sample_9""]"
26	schraivogel2020_k562_tapseq_chr8	/Volumes/MOVESPEED/pgaa_cross_platform/v3b/sources/schraivogel2020_k562_tapseq_chr8/SchraivogelSteinmetz2020_TAP_SCREEN__chromosome_8_screen.h5ad	tissue_type	category	1	0	False	False	False	"[""cell_line""]"
26	schraivogel2020_k562_tapseq_chr8	/Volumes/MOVESPEED/pgaa_cross_platform/v3b/sources/schraivogel2020_k562_tapseq_chr8/SchraivogelSteinmetz2020_TAP_SCREEN__chromosome_8_screen.h5ad	cell_line	category	1	0	False	False	False	"[""K562""]"
26	schraivogel2020_k562_tapseq_chr8	/Volumes/MOVESPEED/pgaa_cross_platform/v3b/sources/schraivogel2020_k562_tapseq_chr8/SchraivogelSteinmetz2020_TAP_SCREEN__chromosome_8_screen.h5ad	cancer	bool	1	0	False	False	False	"[""True""]"
26	schraivogel2020_k562_tapseq_chr8	/Volumes/MOVESPEED/pgaa_cross_platform/v3b/sources/schraivogel2020_k562_tapseq_chr8/SchraivogelSteinmetz2020_TAP_SCREEN__chromosome_8_screen.h5ad	disease	category	1	0	False	False	False	"[""chronic myelogenous leukemia""]"
26	schraivogel2020_k562_tapseq_chr8	/Volumes/MOVESPEED/pgaa_cross_platform/v3b/sources/schraivogel2020_k562_tapseq_chr8/SchraivogelSteinmetz2020_TAP_SCREEN__chromosome_8_screen.h5ad	celltype	category	1	0	False	False	False	"[""lymphoblasts""]"
26	schraivogel2020_k562_tapseq_chr8	/Volumes/MOVESPEED/pgaa_cross_platform/v3b/sources/schraivogel2020_k562_tapseq_chr8/SchraivogelSteinmetz2020_TAP_SCREEN__chromosome_8_screen.h5ad	organism	category	1	0	False	False	False	"[""human""]"
26	schraivogel2020_k562_tapseq_chr8	/Volumes/MOVESPEED/pgaa_cross_platform/v3b/sources/schraivogel2020_k562_tapseq_chr8/SchraivogelSteinmetz2020_TAP_SCREEN__chromosome_8_screen.h5ad	perturbation	category	4115	0	False	True	False	"[""CCNE2_+_95907328.23-P1P2"", ""CCNE2_+_95907382.23-P1P2"", ""CCNE2_+_95907406.23-P1P2"", ""CCNE2_-_95907017.23-P1P2"", ""CPQ_+_97657557.23-P1P2"", ""CPQ_+_97657573.23-P1P2"", ""CPQ_-_97657567.23-P1P2"", ""CPQ_-_97657591.23-P1P2"", ""DSCC1_+_120867694.23-P1P2"", ""DSCC1_+_120868042.23-P1P2"", ""DSCC1_-_120867704.23-P1P2"", ""DSCC1_-_120868119.23-P1P2"", ""FAM83A_+_124194986-P1P2"", ""FAM83A_+_124195012-P1P2"", ""FAM83A_-_124194976-P1P2"", ""FAM83A_-_124194996-P1P2""]"
26	schraivogel2020_k562_tapseq_chr8	/Volumes/MOVESPEED/pgaa_cross_platform/v3b/sources/schraivogel2020_k562_tapseq_chr8/SchraivogelSteinmetz2020_TAP_SCREEN__chromosome_8_screen.h5ad	perturbation_type	category	1	0	False	True	False	"[""CRISPR""]"
26	schraivogel2020_k562_tapseq_chr8	/Volumes/MOVESPEED/pgaa_cross_platform/v3b/sources/schraivogel2020_k562_tapseq_chr8/SchraivogelSteinmetz2020_TAP_SCREEN__chromosome_8_screen.h5ad	ncounts	float32	5499	0	False	False	False	"[""1000.0"", ""10009.0"", ""1001.0"", ""1002.0"", ""1003.0"", ""1004.0"", ""1005.0"", ""1006.0"", ""1007.0"", ""1008.0"", ""1009.0"", ""1010.0"", ""1011.0"", ""1012.0"", ""1013.0"", ""1014.0""]"
26	schraivogel2020_k562_tapseq_chr8	/Volumes/MOVESPEED/pgaa_cross_platform/v3b/sources/schraivogel2020_k562_tapseq_chr8/SchraivogelSteinmetz2020_TAP_SCREEN__chromosome_8_screen.h5ad	ngenes	int64	138	0	False	True	False	"[""10"", ""100"", ""101"", ""102"", ""103"", ""104"", ""105"", ""106"", ""107"", ""108"", ""109"", ""11"", ""110"", ""111"", ""112"", ""114""]"
26	schraivogel2020_k562_tapseq_chr8	/Volumes/MOVESPEED/pgaa_cross_platform/v3b/sources/schraivogel2020_k562_tapseq_chr8/SchraivogelSteinmetz2020_TAP_SCREEN__chromosome_8_screen.h5ad	percent_mito	float64	1	0	False	False	False	"[""0.0""]"
26	schraivogel2020_k562_tapseq_chr8	/Volumes/MOVESPEED/pgaa_cross_platform/v3b/sources/schraivogel2020_k562_tapseq_chr8/SchraivogelSteinmetz2020_TAP_SCREEN__chromosome_8_screen.h5ad	percent_ribo	float32	59409	0	False	False	False	"[""0.0"", ""0.029761905"", ""0.13947001"", ""0.15128593"", ""0.1584786"", ""0.17182131"", ""0.1754728"", ""0.19157088"", ""0.2008839"", ""0.20366599"", ""0.21034917"", ""0.21103896"", ""0.21505377"", ""0.21791768"", ""0.2240993"", ""0.23419204""]"
26	schraivogel2020_k562_tapseq_chr8	/Volumes/MOVESPEED/pgaa_cross_platform/v3b/sources/schraivogel2020_k562_tapseq_chr8/SchraivogelSteinmetz2020_TAP_SCREEN__chromosome_8_screen.h5ad	nperts	int64	3	0	False	False	False	"[""1"", ""2"", ""3""]"
