priority	candidate_id	source_study	laboratory_group	cell_context_class	perturbation_mechanism	source_file	rescue_reason	queue_role	size_bytes	source_url	source_md5	expression_outcome_status	metadata_gate_status
27	datlinger2017_jurkat_crispr	DatlingerBock2017	Datlinger_Bock	Jurkat_T_cell	CRISPR_Cas9	DatlingerBock2017.h5ad	small independent Jurkat CRISPR stimulation design; screened for explicit target/control metadata	v3c_rescue_screen	39085166	https://zenodo.org/api/records/13350497/files/DatlingerBock2017.h5ad/content	c797d8e0320afcc0cc2a94e94805b142	not_scored_by_pgaa	not_audited
28	dixit2016_k562_tf_7d	DixitRegev2016	Dixit_Regev	K562_leukemia	CRISPR_Cas9	DixitRegev2016_K562_TFs_7_days.h5ad	classic Perturb-seq TF screen; distinct laboratory source from current ready set	v3c_rescue_screen	256685252	https://zenodo.org/api/records/13350497/files/DixitRegev2016_K562_TFs_7_days.h5ad/content	b4fb773a3b3857a8ee471d6d2f5221e0	not_scored_by_pgaa	not_audited
29	dixit2016_k562_tf_high_moi	DixitRegev2016	Dixit_Regev	K562_leukemia_high_moi	CRISPR_Cas9_high_MOI	DixitRegev2016_K562_TFs_High_MOI.h5ad	same study backup with high-MOI structure; counted only as same-lab backup if both pass	v3c_rescue_screen	319735470	https://zenodo.org/api/records/13350497/files/DixitRegev2016_K562_TFs_High_MOI.h5ad/content	b77c2249b7069b16f91f7384a88c39b1	not_scored_by_pgaa	not_audited
30	adamson2016_10x010	AdamsonWeissman2016	Adamson_Weissman	K562_leukemia	CRISPRi	AdamsonWeissman2016_GSM2406681_10X010.h5ad	larger Adamson file may have enough matched controls where smaller 10X001/10X005 did not	v3c_rescue_screen	471286951	https://zenodo.org/api/records/13350497/files/AdamsonWeissman2016_GSM2406681_10X010.h5ad/content	2fa44ea61a8dd35742af618638ec65fc	not_scored_by_pgaa	not_audited
31	gasperini2019_lowmoi	GasperiniShendure2019	Gasperini_Shendure	K562_leukemia	enhancer_CRISPRi_low_MOI	GasperiniShendure2019_lowMOI.h5ad	low-MOI complement to high-MOI enhancer screen; may expose cleaner single-perturbation contracts	v3c_rescue_screen	322716827	https://zenodo.org/api/records/13350497/files/GasperiniShendure2019_lowMOI.h5ad/content	f26552257c5ce060ce523e5ffcb301a5	not_scored_by_pgaa	not_audited
32	papalexi2021_arrayed_rna	PapalexiSatija2021	Papalexi_Satija	THP1_immune_state_arrayed	arrayed_CRISPR_Cas9	PapalexiSatija2021_eccite_arrayed_RNA.h5ad	small arrayed ECCITE-seq RNA file; same lab as ready THP1 but different experimental layout	v3c_rescue_screen	52339395	https://zenodo.org/api/records/13350497/files/PapalexiSatija2021_eccite_arrayed_RNA.h5ad/content	843820d48b024348d6132cd53be0da91	not_scored_by_pgaa	not_audited
33	nadig2024_hepg2	NadigOConner2024	Nadig_OConner	HepG2_liver_cell_line	CRISPR_Cas9	NadigOConner2024_hepg2.h5ad	new laboratory and HepG2 context; screened as strong candidate for the tenth ready platform	v3c_rescue_screen	850590740	https://zenodo.org/api/records/13350497/files/NadigOConner2024_hepg2.h5ad/content	af2be47f7477cf32fa6e4bec1c6a4868	not_scored_by_pgaa	not_audited
34	nadig2024_jurkat	NadigOConner2024	Nadig_OConner	Jurkat_T_cell	CRISPR_Cas9	NadigOConner2024_jurkat.h5ad	new laboratory Jurkat perturbation context; backup if HepG2 metadata fails	v3c_rescue_screen	1293665804	https://zenodo.org/api/records/13350497/files/NadigOConner2024_jurkat.h5ad/content	d8b05d00bfbd686d37ffdd4293bc6c8c	not_scored_by_pgaa	not_audited
35	lara2023_leukemia	LaraAstiasoHuntly2023	Lara_Astiaso_Huntly	leukemia_in_vivo	CRISPR_Cas9	LaraAstiasoHuntly2023_leukemia.h5ad	disease-context counterpart to the ready Lara in-vivo bone-marrow platform; same-lab backup	v3c_rescue_screen	1176002572	https://zenodo.org/api/records/13350497/files/LaraAstiasoHuntly2023_leukemia.h5ad/content	bb89e43e3c474b8d8d3bdd46ad54ec59	not_scored_by_pgaa	not_audited
