gene,score
HLA-DRA,1.9672565492703116
IGKV3-11,1.6297905833924429
CD74,1.605169350533949
IL32,1.4834554291605933
IGHV1-24,1.4398682430167413
HLA-DQB1,1.3419332436288722
IFITM1,1.3210040784604238
CD3E,1.275111030125305
CD79A,1.2145474862955612
CCL5,1.20406964296065
IGHM,1.202853940797202
NKG7,1.188151726175739
IGHA1,1.1123216277750447
NIBAN3,1.1057030067811893
GNLY,1.0581335131500593
IGLV3-25,1.0377888536440985
IRF8,0.9773365020099765
CD24,0.9584607875990638
ITGB2,0.9493157622371421
KLF2,0.9362045067438693
LINC01857,0.9299693513627976
TRPM4,0.9232444357400099
TXNIP,0.9115776002774479
CD3D,0.9093561164121592
FYB1,0.8537258708971942
IGLC6,0.8419945119937384
HLA-DMB,0.8268405784457317
CST7,0.7974934003278589
RALGPS2,0.7935271279440462
ID3,0.7912159524202766
PLAAT4,0.7605524748022556
GZMA,0.7542981224521923
CTSW,0.752774535910116
ANXA1,0.7452465773571485
GZMH,0.7089652891072914
AFF3,0.700881115411064
IFITM2,0.7000914559971216
IGHG3,0.6896012557856834
ARL4C,0.6838664773008536
SH3BGRL3,0.6834821039921558
IL7R,0.6815383886588771
IGLC7,0.6806316488061555
IGHV1-46,0.6579640649990401
S100A4,0.6507975295658639
CD7,0.6442533811498518
H1FX,0.6405158058491366
CD3G,0.6369744775970085
CD79B,0.633751561834492
GZMM,0.6309561890777606
GIMAP7,0.6286752495870219
SLC9A3R1,0.5930723185513931
LCK,0.5900608375509598
MS4A1,0.5878546992973607
PAGE2B,0.5771862655945731
RPS27,0.5712038222158953
IFI30,0.5703086715863379
LAT,0.5682782674750745
STX7,0.5679702711581026
IGKC,0.5632170369358451
S100A10,0.5585726250970251
ZFP36L2,0.5538342344355536
LIME1,0.5531902382592907
TYROBP,0.5488530797631653
IGLV4-69,0.5466592854689465
STMN1,0.5436977766093296
LILRA4,0.5405706979324757
ATF5,0.5394524939140223
RPS4Y1,0.5330632058451572
GIMAP4,0.5277855492834951
PRF1,0.5265741596038862
CRIP1,0.5256099763816139
TSC22D3,0.5215416100447757
FYN,0.5179883185335099
FGFBP2,0.5173524110633834
SELPLG,0.5157239962117123
CCDC88A,0.5156092613838124
ZNF107,0.5080445249207499
CD2,0.5063181981021772
FCER2,0.5044043322393612
HLA-A,0.49986084720887664
TTN,0.4987448415940821
FCRL5,0.49172313010324614
EFHD2,0.48952154733621445
ORAI2,0.4841396229164223
MT2A,0.48389400600472865
LINC00926,0.4806432365368426
ITGA4,0.4795029680197767
TPT1,0.4789587633601032
TCF7,0.4777125056315623
MS4A6A,0.47532701664552635
GZMB,0.47319124352461844
BIN2,0.4722270824766992
TUBB,0.4716956491883075
LCP2,0.4707861895028772
ID2,0.4669772475135421
SUN2,0.46665143651009106
CD247,0.4630261458655892
MS4A4E,0.4530540924785076
CLEC17A,0.44499171649200026
SERPINF1,0.43788467740847725
DUSP1,0.4253722966559279
ZYX,0.42487183361944253
FCGR2B,0.4224298721581244
ZAP70,0.42040047973580974
CD6,0.4175680139460316
CD8A,0.4172830775571139
KLRG1,0.4149985760979931
LINC02397,0.4072732917575517
MIR155HG,0.40573170343423914
ADGRE5,0.40366703476103766
LINC01480,0.40345101824485263
HOPX,0.40023367832217727
ARRB2,0.398961264008721
PLEKHG1,0.39164797969052795
ALOX5,0.39067611024057797
MYO1F,0.3815572274770536
RPLP0,0.378371138895261
IGLC1,0.372201821867607
GZMK,0.37085343957063316
TGFB1,0.37048131352471964
FTL,0.3673277181339569
LINC00861,0.36662517574721964
KLF3,0.36658943965884877
CXCR4,0.3662524210372486
GIMAP5,0.3647978109695105
CD72,0.3645948471513405
COL9A3,0.362155210532719
ADD3,0.3615866165279905
KLRK1,0.36030420647500655
PRKCH,0.36020049790503966
CTSS,0.35952548479201446
IL4R,0.3578861470202515
SLC2A3,0.35784812434130975
S100A6,0.3562669843944688
FLT3LG,0.3557287972148584
CD69,0.35321621625134136
CD8B,0.35265282169076007
IER2,0.35132170657553835
RPL12,0.3497020975113171
SAMHD1,0.3488693878668482
CCND3,0.34658033394467735
C12orf75,0.34604781774711874
CIITA,0.34574311174446914
MZB1,0.3439705781807518
FABP5,0.3425682370017957
RNF213,0.3411067331282209
CALM3,0.3376013111438283
BCL11B,0.33309354629591037
GABPB1-AS1,0.3329909144682882
ITM2A,0.32931712276673103
COBLL1,0.3279712847469365
RAP1B,0.32735815798586726
KLRD1,0.3260533666461217
VSIR,0.32091548434525513
TRBV7-6,0.3205316433588425
CLEC2B,0.32020574670389695
XIST,0.31886814530246665
GIMAP1,0.31858910920763334
TRBC1,0.3172119718140687
C16orf74,0.3156054899110288
ITGB2-AS1,0.31519598430047985
P2RY8,0.3138167386370099
AAK1,0.31364491021234997
EDN1,0.3106930317088885
RPL32,0.3104015075156618
HIST1H4C,0.3078090222898159
SIDT2,0.3064128662019461
ADTRP,0.3052696951047915
CD83,0.3035117994169693
MARCKS,0.29839979619452456
ARMH1,0.29666386177113035
ITK,0.29654795973384124
KLHL14,0.29622281600472816
SPI1,0.29457309224956035
TUBA1B,0.2937677037076327
FOS,0.29357302895408843
JUNB,0.2924676196834599
IGHG2,0.29169338561917585
RASAL3,0.2905786538579635
RORA,0.2903837387309326
CAPN2,0.2865816813377384
TC2N,0.2856991387647935
RASA3,0.28359873698054544
MT-ND3,0.28069739916138364
SFTPB,0.27968338381143654
TNFAIP3,0.27897010668742916
DMD,0.2777635911669484
MEF2C,0.27357568916018
MT-ND2,0.2717722023531721
XBP1,0.2717053068714872
S100A9,0.27125872565194287
RNASE6,0.27079217882004575
TGFBI,0.2701457834951339
MATK,0.2697569744785551
TIMP1,0.26972583028214725
DDIT4,0.2694589814263523
BMP2K,0.26854665995901517
CD96,0.26815804222421435
LILRB4,0.26721491901125394
ITGAL,0.2671708312870165
ACTB,0.26678620461928176
S100A8,0.26572819930233016
RPS18,0.26482578413299296
NFATC1,0.2627115439510388
NUCB2,0.2614846642389006
IGHG4,0.2587531045021816
TYMS,0.25738954178812845
PXN,0.25699699579114055
COL9A2,0.2566901306482117
BIRC3,0.25411657517117764
MGAT4A,0.2539857423114808
FTH1,0.2538166981774581
RBMS1,0.2516841979471178
DOK2,0.25079002664005196
HMOX1,0.24626785861823855
EAF2,0.243782695359487
CST3,0.24151026929224542
GBP5,0.24004120033993517
DNAJB1,0.2395135449427752
ADGRG1,0.2390969598485787
SORL1,0.23758500914110398
LTB,0.23719791778627733
CPNE5,0.23505127567937906
CD4,0.23429972494218199
STOM,0.2341559263942165
TRAV12-1,0.23325735961274138
MAN1A1,0.2324866397351314
THEMIS,0.2324699104403092
TPM4,0.23235391773031489
CD200,0.23210200339570333
SAMD3,0.23208248265010054
PITPNC1,0.23111432020820227
PSAP,0.2309486294517111
RUNX3,0.23020000392876447
WDR11,0.22949472354260683
CMTM7,0.22918795595358862
CCDC191,0.2290786849706277
AIF1,0.2287764312807682
MAL,0.22735095288930335
SLFN5,0.22620667661401647
GLRX,0.22515507419544292
RASGRP1,0.22458323619826817
LINC02446,0.2238451660791046
FCHSD2,0.22353518562054658
TLE1,0.22254444098806692
AP1S2,0.22248159246909058
TBX21,0.22019029090650172
CLEC4C,0.21900841790941475
METTL7A,0.2180495672053231
SYNE1,0.21791711162049185
SH2D2A,0.21738312530556644
RNF166,0.21529556711995262
SYTL3,0.21501355289908677
LYZ,0.21413810258602034
PRKCQ-AS1,0.21302157979197722
HSPA5,0.2106672256999701
CAMK4,0.21066222071784008
LAG3,0.2070019710904447
GATA3,0.20475874785266987
PTGER2,0.20410129262205234
PPP2R5C,0.20278915767922698
CKS2,0.20113192848001113
PLAC8,0.2010778155085036
MAP1LC3A,0.20102220599999945
FCRL6,0.19953809666191058
SPN,0.19948723549469236
TOB1,0.1992835217697107
AOAH,0.19913013840845495
PIK3IP1,0.19881288698029298
UPP1,0.19824271128067697
JUN,0.1978591136192252
PRDM1,0.1970998757187362
CASP1,0.1948813882097918
BTG2,0.19461515024948886
TESC,0.19452504914505106
STAT4,0.19384157752293069
TSPAN14,0.19317398400718705
CEBPB,0.19148844282226518
RNF125,0.19090833748736408
CITED2,0.1898131431778713
TPM2,0.1895379945790967
TSPAN32,0.1894568067638457
DUSP2,0.18798342365783705
CEBPD,0.18735145246324042
IGLC3,0.18642490658597066
LST1,0.18521980548447423
PIK3R5,0.18410057310229483
S100A11,0.18408836588974864
DAPP1,0.18403266096061807
SERPINB6,0.18200150830703316
NFKBID,0.18188027742078752
CALHM6,0.18149399416776563
MYADM,0.1811203730713969
CCNL2,0.18040461814153652
TPST2,0.18035650247360452
GPM6A,0.17877061813274375
LIMS1,0.17844473840821404
TMEM131L,0.17706424746859736
MYBL1,0.1768340696700746
DLEU2,0.1763854522848232
BANK1,0.17634137104651504
FCER1G,0.17618767937391902
SOCS3,0.17603061331566477
PTPN18,0.17582558702732595
TNNI2,0.17382624733265734
RPS6,0.17306227692696974
GRAP2,0.17276603344963468
IQGAP2,0.1715002993342354
CRYM,0.17094020287999562
FILIP1L,0.16996323344397002
AGTRAP,0.16979461622557748
FCN1,0.16975216245173075
CRACR2B,0.16968568527944755
PELI1,0.1688766640326487
MORC3,0.1686323704060508
LYAR,0.16846423306276273
TGFBR3,0.16832140716753644
ITGB1,0.1668481673422127
YWHAH,0.16478811389284076
LINC01871,0.16476136664617785
TTC39C,0.1645585621959054
ABLIM1,0.1634367743949839
RAB37,0.1632007764378155
KHDRBS2,0.16316837993976502
CISH,0.16262283317446394
DPYD,0.16262145545048376
COL6A2,0.16194035153025416
S1PR5,0.16154745881072666
SAT1,0.16106120075764477
SH2D1A,0.1599575398671441
IRF1,0.15944476093855275
MYBL2,0.15936748928788053
PAG1,0.15913601585285567
TYMP,0.15901442915889108
EOMES,0.1586459690564903
CCR7,0.15846899042895707
DMXL1,0.1575124724841257
SIRPG,0.15750264260888389
PRSS23,0.1574174813921843
SNHG14,0.1574024199449965
RNF144B,0.15515125197973517
RIPOR1,0.15513643768599364
IL2RB,0.15495959193863545
ABI3,0.1539553356494939
TNIK,0.15380699039925494
ODC1,0.15309664823729205
NCK2,0.15111183173002823
AC025164.1,0.15051722881965515
RIC3,0.15015072327201393
INPP4B,0.1498762817779192
RB1,0.14915054060872182
LYST,0.14892613511544794
CMC1,0.14833587723348468
NIPAL2,0.14781643497861532
IFITM3,0.1476531270916516
NFKBIA,0.14715810731405082
GLUL,0.14588938476779917
CCL4,0.1457391358936263
TRAF5,0.14529057984680346
IFI6,0.1451345699139985
ZNF683,0.144327769195603
EHD3,0.14290301784569148
TUBB4B,0.14237512226597573
GLIPR2,0.14236486534267706
RAB27A,0.14219168384530137
ARHGAP44,0.1398749195537323
TAGLN2,0.1392186848246626
BRI3,0.13899050541368713
MIR4435-2HG,0.1384930495316787
TCTN1,0.13847771161337444
CD300A,0.13811033160719594
SERPINA1,0.13807153845909906
AC008105.3,0.13767597443469934
TKT,0.13706655526151518
PIM1,0.1369544877004848
VPS37B,0.13695354174149907
SEMA4D,0.13592367085783008
SATB1,0.1359126463675311
CCDC141,0.1358471083866299
ATP2B4,0.13560228042355976
LINC01725,0.13445788241749132
PTGDR,0.13303770788454394
GPRIN3,0.13268886679144432
SYNE2,0.1319149902124799
CTSA,0.13095417715057103
BACH2,0.13085440301835943
RUFY1,0.13040046457277849
BCL2A1,0.1302537900543113
HIST1H1C,0.12910284534199254
NUSAP1,0.12871604348491233
IRF7,0.12795968876461372
MGLL,0.12749738652556802
APOL6,0.12732987355667402
CD27,0.12679862926719104
AC012368.1,0.12625752043983224
RGS10,0.12601951135073491
TRAT1,0.12596434872974702
SPON2,0.12591739581885505
TRABD2A,0.12567982901450986
PARVB,0.12562375378118476
ITGAM,0.12479178649569762
NEAT1,0.12382955781399886
RRBP1,0.12369345591508965
MACF1,0.12368856792945751
LYL1,0.12295533042378869
STMN3,0.12288558824700803
FCGR3A,0.12181526574029149
HIST1H1D,0.1217839708591669
FAM214A,0.12174385490422981
TNFSF9,0.12146288462521412
GABARAPL1,0.12134946880526971
H2AFJ,0.1210261862548317
TUBA1A,0.12055454142135616
MAPK8IP3,0.12030981043628554
PDE4D,0.12015905470565771
GADD45B,0.11999359282048563
CLIC3,0.11997300968843923
NLRP1,0.11960840622376602
STX16,0.11959336940493388
APOD,0.11928483776063037
LFNG,0.1192458161826936
EIF2AK1,0.11921098902158325
ITGA6,0.11907146588197538
FKBP5,0.1188962332836628
LEF1,0.1185782191708949
AQP3,0.11850723839270284
PHKB,0.1184476864054304
FOSL2,0.1181459335085729
KLRB1,0.11707937541835023
SAMD9L,0.11635440065338133
ROR1,0.11569288235732661
C5orf56,0.11532903352327377
KIF2A,0.11509069765606579
DDHD1,0.11486446296501177
CHST12,0.11439307663832084
ARHGAP26,0.11344120909121674
RNPC3,0.11281569060045554
CD226,0.1115310449663665
ATP2A3,0.11134171504223907
NPC2,0.11131884571249594
ZBTB48,0.11129596866318373
PROK2,0.11012833345111274
GLCCI1,0.10996987576195012
SH3TC1,0.10944916492737596
CCL3,0.10940393418996387
PDE3B,0.10883480403896872
TIGIT,0.10833331892371742
PBXIP1,0.10828654022963796
PLEKHF1,0.1082114781087761
BHLHE40,0.1077042236839642
SYTL2,0.10675116012639232
PRNP,0.10629266449567347
UBE2S,0.10629156634311349
ILK,0.10587255786005159
CBLB,0.10431730908869558
VCAN,0.10404070691740586
TRG-AS1,0.10391357387205451
NPDC1,0.1036106833375918
MIAT,0.10320347726646442
STK38,0.10293178125362307
NSG1,0.10250406199446212
GPR174,0.10245116609756305
UBE2C,0.10242211275682134
CFP,0.10230952177786318
FCRL1,0.10201695838301503
IFNG,0.10132382563922054
LTK,0.1013160169916795
F2R,0.10036465045379875
RGCC,0.10001520368598639
SLC25A37,0.0999600104728639
MAP3K8,0.09989487331340201
TOP2A,0.09969941420594819
METRNL,0.09911075704290268
ASAH1,0.09901071702284
PNMA5,0.09899812678950412
ACSM3,0.09797080209043062
HIST1H1E,0.09794468820590513
GABRB2,0.0979362323004651
ASCL2,0.09766595772369352
MMD,0.09755027210291647
PPP1R15A,0.09699939085228824
PECAM1,0.09659918139237164
GBP1,0.09597687559228738
RNASE1,0.09588584613156595
LAIR1,0.09576990501873885
CD40LG,0.09575754554006514
NRGN,0.09541223214260752
PKN2,0.09517141086044699
RGS2,0.09504772205752476
CX3CR1,0.09475641612783532
SLC35E2B,0.09434845191173631
CHD3,0.09427618938124767
ACTN1,0.09405217453788703
MNDA,0.09400418067119205
ZNF439,0.09369256309098777
SLC12A6,0.093344070186586
SIAH2,0.0931410705600715
ZNF589,0.09313389437298936
CYTOR,0.09288313570779853
DPEP2,0.09211381213582703
ARAP2,0.09200969077252384
IGLV2-14,0.09128483064364117
IRF4,0.0912552164508065
MYL9,0.09109575289454264
UTRN,0.09086915105554541
TRGV2,0.09074764193936334
CARD19,0.09063222918572113
LPP,0.09048607263811222
CYBB,0.09032235704486057
PGD,0.0899264373013617
BEX3,0.08940743771862364
RAP1GAP2,0.08889778118219965
STAT2,0.08888967891467242
LGALS3,0.08867470250986209
APLP2,0.08862538375352835
NR4A2,0.08814270337979112
PATL2,0.08797098642070246
NCR3,0.0878622241112182
CEMIP2,0.08785687907535566
SPATA13,0.08781492735560653
STAT1,0.08769968989195642
LILRB1,0.08753361234211966
NCOA4,0.08723096732650928
GIMAP6,0.08705231124351062
NT5C3A,0.08704746761333287
MAF,0.08697938017525288
CFD,0.08694934215372983
PPP2R2B,0.08667339489702267
MAX,0.08653451789749925
PLEKHG3,0.08651288853496943
SOD2,0.08507518011222348
BTNL9,0.08503039526731272
CDC14A,0.08423162014916918
PTPRJ,0.08407189319828912
TTC16,0.08384297700310767
S100A12,0.08353191459849514
LGALS2,0.08340401337863725
CRIP2,0.08338470105778654
CDK6,0.08313642971679752
PMAIP1,0.08279299626178421
PDCD1,0.08264545889238302
AC245014.3,0.08228961949661565
BATF,0.08222806699537033
BCL9L,0.08218049016351717
SLA2,0.08216858826927784
ZFYVE28,0.08212470857432594
ZCCHC18,0.08157028447980266
SOCS1,0.08144016455941516
SLCO3A1,0.08097029347260302
HMGB2,0.08084129153906157
CENPF,0.08084077351797286
NELL2,0.08078890474540397
MT-ND5,0.08028434765969993
OASL,0.08015616097288071
HIST1H1B,0.0801063165798722
TMBIM1,0.07998192584110982
TNFAIP2,0.07934029365287097
WARS,0.07911704617189243
PTPRE,0.07898939484992362
HIST1H2AC,0.07885463994400699
COCH,0.07852357862728619
NBEAL2,0.07818661208536307
HIST2H2AA4,0.07781152982472701
CD84,0.07754271285869321
GSTO1,0.0774802400073668
SIK3,0.07708917959053611
TRDC,0.07704468105307656
KLF10,0.07656991625035678
CD28,0.07635671028075484
FTX,0.07627264350394532
TRERF1,0.0753310927475843
TRBV20-1,0.07529538249448722
ABCA7,0.07482467961636215
ITGAX,0.07479759931132103
FGR,0.0747284457423018
PRKY,0.07410562999347049
CD68,0.07399820361418427
XAF1,0.07345585826768773
NORAD,0.0733625628867521
SLC20A1,0.07327562550924498
TOX,0.0732371726005989
RNF11,0.07309324945812305
TMEM176B,0.07305007573274835
TNFSF10,0.07288331677959492
GPX4,0.0727327177324576
ANKRD36C,0.07270988049252104
CR2,0.07266747982335403
PER1,0.07251555149606398
HIST1H2AI,0.07250414332977932
UBXN11,0.0718001763620502
PYHIN1,0.07109561172720591
RHBDL1,0.07093027192760587
TNFRSF4,0.07060630256252184
PLD4,0.07047919823064354
TNFRSF25,0.07040573186172706
TRBV14,0.07032311472198569
LPAR6,0.07023330119805424
PRR5L,0.07013049622901892
ODF3B,0.06991739957525198
TNFSF8,0.06969520124507951
NOTCH2,0.06969173282337175
CHI3L2,0.06966667674912148
NFKBIZ,0.06961237358878504
HSPA1B,0.06928537057278682
LGALS1,0.06927879841590978
TRGV3,0.06916023834711048
AC007569.1,0.06865302584855046
TUBA4A,0.06841844537441029
SLAMF1,0.0676978125193288
SLC38A2,0.06750398570014769
TUBA1C,0.06730302726876751
LILRB2,0.06730135477910204
FAM13A,0.06716300169095656
CSF3R,0.06710054550694466
DDX60L,0.06650514387565824
AGPAT1,0.06631839251095034
NLRC3,0.06626966979631586
MX1,0.06621366780694368
PLEC,0.06610945503468382
CSTA,0.0660223335142417
CD14,0.06590705148240099
NAMPT,0.06579294034522706
TMEM154,0.06564923818690793
TBXAS1,0.0656140641722529
FGL2,0.06558651288883986
PIEZO1,0.06425231577153766
LINC00892,0.06404292946694272
ZNRF1,0.06388762983290391
JAML,0.06341449874188829
FRY,0.06327951074057274
LINC02384,0.06326922372503413
LAIR2,0.06319215477581404
GIMAP8,0.062249693754503024
TRBV7-2,0.06205277091938223
LGALS8,0.061950652024981845
RSU1,0.061876007769366886
IL6ST,0.06179982731111927
ABCA2,0.061708078397136275
CDKN1A,0.060984162699577175
MAPRE2,0.060869559378641386
SETDB2,0.06068857225027373
SLC11A1,0.060559734608579156
FOSB,0.06055241311359821
NCF2,0.060154322642268346
ZNF831,0.05995702299616593
MKI67,0.059939136609436804
TNFRSF18,0.05913967957281491
ANTXR2,0.058682221738312716
SEPTIN11,0.058623615734503316
SPNS1,0.05852941607240693
ANO6,0.05842489502032601
LDLRAP1,0.05840605240188631
SCO2,0.05813660308247998
RELL1,0.05784690943069184
IL17RA,0.057807544869753265
HIST1H2AJ,0.05757129222573264
PAM,0.0569886536042026
BLVRB,0.05686890020422192
SNN,0.056862595692555806
MFSD1,0.05675925414335751
TSPYL2,0.056744920895189316
FCRL2,0.05643741805806733
GNAQ,0.05630224698713899
PPBP,0.05608322256509217
TRBV7-9,0.05560304680168049
CD151,0.05519808393567816
TXK,0.05494308449089087
SLAMF7,0.05486657986865982
ISYNA1,0.05482980568910705
CCND2,0.05472658277813291
MTURN,0.05442261102272235
MTSS1,0.05428619269449675
TRBV2,0.053740562996952734
HIST1H2AG,0.05373133771584502
PLA2G12A,0.05365338975675913
HCK,0.05362032586196976
CHRM3-AS2,0.05339813402940998
PHF21A,0.053277913227777245
OGFRL1,0.05320251868934116
SNTB1,0.05310689747992084
VCL,0.052799682205956475
CLU,0.052451591841665646
APOBR,0.05226122171574878
STX11,0.051678518602045365
TNFSF13B,0.05164191209036309
RNF157,0.051574177248879284
CMIP,0.051495273652229036
SMIM25,0.05116844188923203
TRAV38-1,0.05071776930010986
TRGV4,0.050559970942230636
LRRC25,0.050309626180633796
ARRB1,0.050113840253402736
BIRC5,0.05006457956229239
HELB,0.049997636334341795
TRBV9,0.049887882442230067
PTGDS,0.04956999829968663
CCDC88B,0.04927607898611211
MMP17,0.049250460215698406
KCTD7,0.04887821184541013
TRGC2,0.04879392350733906
ISG15,0.048780539496678384
PAX8-AS1,0.048388946612831926
KLRC4,0.048019905080084975
LILRA5,0.04799891466599436
TMEM176A,0.04799217222256837
LRP1,0.04771783870995111
PILRA,0.04738848053263289
MAFB,0.04731037563422175
PRAM1,0.04704751293797295
IER5L,0.04702862057485759
ATP2B1-AS1,0.046900591994671885
ZNF385A,0.0468334646069879
GARS-DT,0.04669293777000667
ASPM,0.04642145213841309
TRBV4-2,0.04633340661296455
SFMBT2,0.04628288010187389
AC253572.2,0.04620382066734152
TBC1D4,0.046197360133495124
GDPD5,0.04589960919587509
PLCB1,0.04542564493316104
ARHGAP10,0.04531702944423682
FAM110A,0.045236212540114146
FNDC3B,0.04519403787106114
TENT5C,0.04515502858356879
TRAF1,0.04514804328151235
RRM2,0.045113540333950125
TRAV17,0.04504681679715996
DENND3,0.04504338227820591
DMTN,0.044751595355442444
CLEC7A,0.04411288324517741
KLK1,0.04377673602226439
NACC2,0.04367442581475267
HPGD,0.04363481549723399
MS4A7,0.043440720715965345
CRTAM,0.042909286336097675
CDC20,0.04273384591886307
SMARCD3,0.042685105430628624
MEGF9,0.04267147651571817
BORCS5,0.042520466855848725
ATXN1,0.04229469588726994
MYC,0.04206634795489372
COL19A1,0.04202563525272037
TRAV38-2DV8,0.042007782474978224
AC093010.2,0.0420070193843588
FXYD2,0.04186378588644473
GADD45A,0.04171345827076198
FPR1,0.041669789685321035
LILRA2,0.041603306304067535
PSTPIP2,0.041275559693021796
TSPAN33,0.04090393108060761
SECTM1,0.04085371097893018
CLEC12A,0.040607767823707466
CDKN1C,0.04058930601684191
LILRB3,0.04053399355859366
HIST1H3B,0.04052906673950561
SULT1A1,0.0402531504174507
C5AR1,0.04020533680686964
XCL2,0.04019129034609132
MICAL2,0.03987305685815684
IGSF6,0.03976455258358184
RGS1,0.03975325654608604
RAB32,0.03973721687661156
HK3,0.03948758649353031
SGK1,0.03944739234903207
KIR3DL1,0.03935625783130676
DIP2B,0.03924318531812831
FCGR2A,0.03894881339295696
PGRMC1,0.03886317418951232
VTI1A,0.038725954713382714
C1orf162,0.038703540156592796
PLAUR,0.03869592817676115
SLC40A1,0.038633965662747974
MSLN,0.038630278910195374
NUAK2,0.03835355708934676
LMO2,0.03830174001523327
CSF1R,0.03823105818009822
KLRF1,0.038047340397169394
ADARB1,0.037996172874523414
MVB12B,0.037792034517704826
AC020916.1,0.0376334214428188
CD300E,0.0375990123789476
APOC2,0.03756169536566663
KLF4,0.03737610655841433
PLK1,0.03729061390191475
HIST1H2AL,0.037246825157865766
SLC15A2,0.03706766414755807
MARCH2,0.0370261850146954
TSC22D1,0.03701005882461245
RHOXF1-AS1,0.03696026473994282
HIST1H2AH,0.03644446768536178
ZBTB20,0.03624908348255378
RHOB,0.03610276526598874
LEPROT,0.03588976065478513
MAML2,0.035882719440357994
IFRD1,0.03582646507385172
CDKL1,0.03572625709411615
GAS7,0.035720698979460515
HRH2,0.03560711809363479
CD302,0.03553293701130245
TRIM73,0.03537408066795019
FCRL3,0.035278582141702514
CPVL,0.03511698873521254
DTHD1,0.03507500739780773
PDZD4,0.03484513322859814
BCL2L1,0.03479299499042674
IGFBP4,0.034242778428436274
ADAM8,0.03417262460046436
HERC5,0.03416253985653075
TMEM231,0.03413801539447433
TRBV19,0.034111653873749356
RFLNB,0.03400877988936055
MPP1,0.03399293551096186
A2M-AS1,0.03397802111888245
DMXL2,0.03386050023696818
CTC1,0.033782439488282856
TNFRSF9,0.03372005243347513
TSPOAP1-AS1,0.03369954350986166
MLH3,0.033633424653162394
GNG11,0.03346558810652479
RXRA,0.033430043268780255
DUSP6,0.03324841024270183
CADM1,0.03298078678204092
NCAM1,0.032968430148454055
WDR37,0.03279273651953472
FBP1,0.032477922864979566
AL627171.1,0.03220147141714979
CXCR6,0.031966458442142916
ETS2,0.03181872816185907
RGS9,0.03181492123064632
AC008875.3,0.031772403417829796
CTLA4,0.03158911239360355
CAMK1,0.03144434728266816
SEPTIN5,0.03131229730323912
TAX1BP3,0.03110512937222996
CKB,0.030932328130649524
EGR1,0.03090281984186548
ITPRIP,0.030798816152385198
BMERB1,0.030485753235839987
TRBV5-1,0.030355757038036744
RASGRP2,0.030227907978133385
ZBP1,0.02977686225928588
HS3ST3B1,0.02972448307993509
OSM,0.02960337935156372
BX284613.2,0.029585461565855696
CCNA2,0.029384273448695163
TRAV29DV5,0.02933489379241478
CES1,0.029333088516293356
CCL4L2,0.029191022230520138
FOXP3,0.028912833003106236
F5,0.028758757984524944
RHOU,0.028487786627060932
MEPCE,0.028130376831498383
APOBEC3A,0.027898505855362476
GPR132,0.027635295485023227
C2orf88,0.027458042092938867
TRBV7-3,0.027454264037920013
TRAV9-2,0.027416866728723017
TRGV10,0.027412020849257954
MX2,0.027340422435009715
S100B,0.02727502021995172
ST3GAL4,0.027158698365941127
SCGB3A1,0.027141422800481478
TRAV13-1,0.027043144383126518
IGHA2,0.027013154755732238
CD36,0.026917884261086072
AIRE,0.026619531167123272
KDM7A,0.026575593419770834
IKZF2,0.026469200456455975
SESN3,0.02645278260146917
IL10,0.02635789927409617
LINC02362,0.026328287373629366
SESN2,0.026302212070501946
CDA,0.026267603673611827
HIST1H3H,0.02626367529399658
ZNF185,0.02625730383240861
APOC1,0.026223480353119298
LILRA1,0.026206359520102824
NR4A1,0.026057392106857077
PLXNB2,0.02598362991133354
MBNL2,0.025950881742514628
ALDH2,0.02568597323176898
SERPINE2,0.02551876742552136
RAB27B,0.025369948595780793
IER3,0.025252913429081945
TNFSF14,0.025078658675763144
CTNNAL1,0.02499100155339929
HIST1H3C,0.02491240637064131
ITGB5,0.024886395002622668
GTPBP2,0.024815517130373454
TRAV8-2,0.024801334662333765
PNMA1,0.02475634384184045
IRAK3,0.024588311613953345
HIST1H2BC,0.024427704310212836
P2RX1,0.024337477903999063
ADGRE2,0.0242621590628206
NOTCH2NLC,0.024082650295080905
CDKN2D,0.02405883018235339
TSPOAP1,0.023985096984055227
FCGR1A,0.023805669355780937
RBP7,0.02363784838259101
TRBV6-2,0.023610997727238077
AC090559.1,0.023570818679961362
PLXDC2,0.02356849625189879
ASGR1,0.023554048486901184
FASLG,0.023457104476539353
CD160,0.023412994629825292
MOB1B,0.023372449125594354
SMIM3,0.023301778144306243
KANSL3,0.023269184611064673
ATF3,0.02320535778497503
TRAV19,0.023203714282539326
LMNA,0.02316425384103014
AC243829.1,0.023078030275149854
JAKMIP1,0.02304058522934204
ADCY9,0.02290387948474163
TCF7L2,0.02268548959742875
LINC00299,0.02265274670483718
AC020659.1,0.02265260249845424
LGR6,0.022490254629685125
NMUR1,0.022474620742708402
B3GAT1,0.022254989543938716
AL359220.1,0.022241727380398063
CD300LF,0.022221645391056186
PHLDA1,0.02221998702159565
IL18RAP,0.02220566299938396
CD33,0.02192048745388648
MMP23B,0.021898790282315825
ST8SIA1,0.021849750995333744
HIST1H3J,0.02170334748270112
ZNF467,0.021550044413592855
ANK3,0.02144757033555348
HES4,0.021396697260956297
NFIA,0.021184160012805434
FHL1,0.021060372184621895
RETN,0.0210446060337664
AC103591.3,0.020826397807620568
HAVCR2,0.020789295537940337
C19orf38,0.020746835211787492
AC108134.3,0.020624637350941707
SYNM,0.020575490901543543
CSGALNACT1,0.020561754893893926
SLC22A15,0.02056049556157266
PTCH2,0.020553756228211192
WIPI1,0.020501867190916474
DOCK5,0.020374876855886934
ADAMTS10,0.020284823416619295
Z93241.1,0.02016182705492775
RGS18,0.02014518512819579
CTBP2,0.020072882148172995
RDH10,0.020055360580671363
TSPAN18,0.019959233203857844
FUT7,0.019940662111543286
TNF,0.019938127374590005
ICA1,0.01988188961317336
IGHE,0.019723294080578765
TRBV28,0.019665634212675333
KSR1,0.019656760405272318
TOGARAM2,0.01957830267356379
ZNF208,0.019539784466453575
CLEC4A,0.019481236902036424
TMEM91,0.019406045381385094
PF4,0.01922612107934386
AL034397.3,0.019224842684528343
KCTD12,0.01921872759786628
SLC31A2,0.019187608834435408
EVA1B,0.019175863698912436
PLXDC1,0.018948266739011406
ARHGAP20,0.018753137494013465
MYOM2,0.01873072018548126
PDZD2,0.018629095564768935
TSHZ2,0.018466275244747428
TNFSF13,0.018465394881681023
LINC01943,0.018291647528234267
LINC00426,0.01816037416857612
NFAM1,0.018053262974215233
IL4I1,0.018035859077151776
PROCA1,0.018014797744453158
TRAV12-2,0.01786906246343554
TRAV21,0.017856342531000016
VPS9D1,0.01781971547514805
DLG3,0.01778651762128065
BAIAP2,0.01768244779273394
TRBV27,0.017670598833275673
FURIN,0.017656231447160296
AL445524.1,0.017615391660586146
GPBAR1,0.017550494487242864
NDUFV2-AS1,0.017512874230482034
BTBD11,0.017466568191775392
PYGL,0.01743323960290893
LTB4R,0.017316998191021317
ADA2,0.017068546855264852
TRGV9,0.01706053985002712
TRAV14DV4,0.016934462627133568
TUBB1,0.016883807641906553
TRAV8-4,0.016876037954521996
GP1BB,0.016805274335170116
TRAV3,0.016528666620378774
EDA,0.01651672945447453
TMEM140,0.016469696894284007
FAH,0.016352334399941555
KCNE3,0.016329623288469167
GSN,0.01606301799895548
ANO9,0.016049062399218068
OSCAR,0.015953762229233028
TRBV6-5,0.01592595531302458
HIST1H2BB,0.015810025891732634
TRBV18,0.015726866886907664
AP003068.2,0.015706111645475807
ASPH,0.01564918618965532
FXYD6,0.0155787393896395
AL157394.3,0.015543164681232981
CD38,0.015400303785999723
PMCH,0.01524392259231212
AC127502.2,0.0152349119634535
DGKH,0.015203229685800136
SLC8A1,0.015144829323597918
TRAV6,0.015079301309350698
PRDM8,0.015033145265377051
ZBTB37,0.014976859107773124
SOX4,0.01490433200074733
LDLR,0.014828546284708163
CXCL16,0.014795053627151307
AL157392.3,0.014762661885827335
SPARC,0.014762000510538916
ANKRD9,0.01457200658022105
PCSK5,0.014443440737425957
KIAA1211,0.014301483334800925
CAV1,0.014266423828816715
TRAV27,0.014112679252023672
ARHGAP18,0.014068015352810763
XK,0.014054387238180905
CAVIN2,0.014052732769021753
HIST1H2BN,0.01403791120934111
IFI27,0.014021526910058563
TRAV8-6,0.0140005501997736
AL353708.3,0.01398456261416466
FNBP1L,0.013982213272520678
GRAMD1B,0.013806752394309804
TPM1,0.013749212550459529
XCL1,0.013708267343134357
CA2,0.013619391144074728
PRKAR2B,0.013591858699736338
F13A1,0.013535573765688267
HIST1H4B,0.013506283661712085
AL355075.4,0.013473108533025234
TRAV23DV6,0.013272881731193379
NFE2,0.013221015511624704
STAB1,0.013182993880534075
HIST1H2BF,0.013090380580356267
AGBL3,0.012907526317657578
ALDH3B1,0.01288153660798783
NPR2,0.012852612442284354
TRAV34,0.012745415568684231
HIST1H3A,0.012701769611123057
CPM,0.012628105402755772
NPL,0.012422424979812215
MPIG6B,0.012282350628405998
PSD3,0.012166586738524797
NLRP3,0.012153968727391832
CD93,0.011991163673976528
TRAV12-3,0.01193028498977273
ZDHHC14,0.011923989252165623
SSBP2,0.011761649571197814
KIF19,0.011746484806840924
MSC-AS1,0.011695428979411336
TRAV13-2,0.011691364363984127
CYP1B1,0.011635506298801975
PLCH2,0.011601158760472406
TRAV8-3,0.011599231116148861
CCR5,0.011576842771490839
ST8SIA6,0.011574341570912031
TRGV8,0.011564292254840727
SPHK1,0.011560597601631247
KLK4,0.011556620569696658
HBEGF,0.011539618024355965
SAP30L-AS1,0.011483772626179877
TRAV4,0.011386916069523679
BICDL1,0.011319697046094548
CXCL13,0.011315793933105025
AC022075.1,0.011267892624309595
CTSL,0.011257885831443777
HNMT,0.01123795616615242
PTGS1,0.011219272865291502
AC020656.1,0.011209189359652552
C9orf139,0.0112062889437769
Z95331.1,0.011148721700995132
TLR2,0.01107520298775469
AC103702.2,0.011072911033431714
SCD5,0.011053914440806325
HIST1H2AB,0.011021307438662037
CACNB1,0.010976256031610279
CD70,0.010974868687244843
ZFHX3,0.010969159810127084
SIRPB1,0.010954807520508964
TUBB3,0.010912923624669122
PAFAH2,0.010908458190213972
PPM1L,0.01083676057310307
GP9,0.010806356344785066
PADI4,0.010786550958819042
FRMD4B,0.010765304569788896
AL137857.1,0.010739027908322629
AKAP12,0.010687618033598857
C3AR1,0.0106168966767646
AKR1C3,0.010611969074487226
LINC01684,0.01051854925704101
TLR5,0.01051631705418709
EPB41L3,0.010479636850022593
TRAV26-1,0.01046417648999362
AREG,0.010438070551991979
LINC00937,0.010390628264441168
THBS1,0.010373031051444815
WDR86,0.010364348440621216
ZNF540,0.01031675588865523
GNA15,0.010314652219753716
ANPEP,0.01026208484372597
IFNG-AS1,0.010173365163007158
DYSF,0.010165670402712192
ABO,0.010109691505075593
PID1,0.010084655957961566
PLPPR2,0.010043310044700778
LAYN,0.0100033882060198
TST,0.00998570567179333
AL021155.5,0.009960005451816403
TRGV5,0.0099340242675289
TMCC2,0.009922813504554793
NT5M,0.009918755029953036
PTGIR,0.009848302151015963
TBC1D8,0.009797607921490628
AF165147.1,0.009778419481046392
MEFV,0.009762206929770107
SHTN1,0.009709893225820965
CSF2RA,0.009705346252428127
SPECC1,0.009679527495409223
HIST1H2BJ,0.00965798306911115
MARCO,0.009617264962748388
PTAFR,0.009615993093966466
BST1,0.00959692087934857
KLRC1,0.009547435612081693
AC096667.1,0.009517508012231411
HSPA6,0.009509696719856622
RNF24,0.009422451228233828
TRBV25-1,0.00942236725370025
ZDHHC1,0.009181970769947466
FCGR1B,0.009140150979143506
CCSAP,0.00913849385930676
DST,0.009131135105488342
SMPDL3A,0.009090990441219037
C1QA,0.009089170816601905
H1F0,0.009087875847404146
AC108879.1,0.009037342016288382
SLC24A4,0.009005492787216062
RTN1,0.00896847428020446
ZNF707,0.008958832969455044
AC017002.3,0.008884477705758596
TRBV15,0.008867349122144465
IGFBP7,0.008851423610695165
GNAZ,0.008851380334867202
DNAH1,0.008834704156798137
UPK3BL1,0.00881092861818845
ARHGEF40,0.008785910056868917
LINC00877,0.008782609243934822
MCTP1,0.008741220876391715
CNTNAP2,0.00872693046908459
DAPK1,0.008609315462099646
AC007952.4,0.008607150939977697
ANKRD33B,0.008493410514509865
SORT1,0.00847041646776846
P2RY13,0.008459440896960489
AC239799.2,0.00840467399042807
EFNB1,0.00837902070381943
CHN1,0.008353803580525655
IFIT3,0.008282707475258243
AL450352.1,0.008267386584744827
SCML1,0.008232538571038839
RSAD2,0.008197467789003847
GLT1D1,0.008190213104714196
MIR222HG,0.008151405727392001
HECW2,0.008113650714612772
FAR2,0.008094593556685983
AL022311.1,0.008040619253615914
VMO1,0.00798970819393386
LINC02432,0.007912494061966951
CREB5,0.007911255656090707
LPCAT2,0.007825108267396182
MYOF,0.007819420437853018
CYP4F22,0.0077831284219039756
MINDY1,0.0077051346648385295
MAP3K7CL,0.007587408967127009
TRBV6-1,0.007535762228952326
AL109811.2,0.007510102625869554
GADD45G,0.00748583724133486
HPSE,0.007481891493646401
ALDH1A1,0.007469428257521272
GAS2L1,0.00745610267853925
AL359513.1,0.0074116739965831785
AC016831.5,0.007383121483161184
LINC01011,0.007356114688544376
AL137060.3,0.0073506247862192295
AC009041.2,0.0073359503848379045
HIST2H2BF,0.007247088449568589
MEGF6,0.007225267834627101
AL158071.3,0.007174967972975362
YOD1,0.007099731717386116
AP000547.3,0.007060276908581997
WDR19,0.007039665791757032
RMRP,0.007035174728394843
PLA2G2D,0.00702883143463617
RASSF6,0.007000527250597275
SH2D1B,0.006987885230515263
SH3BGRL2,0.006984085434719876
FN3K,0.0069764073447217976
TREM1,0.006971461520257423
NIBAN2,0.006964610385493538
BX255925.3,0.006922521626856421
CCR1,0.006845920401903471
CD163,0.006839110450290511
TRAV16,0.006831245178574696
LILRA6,0.006797388071575555
HIST1H2BE,0.006768964854612518
SIRPB2,0.006758991516853601
AC016831.1,0.006726445434151462
ABCC3,0.006724897002401703
LCNL1,0.006718856720111611
TRAV5,0.0065845714090625096
KIFC3,0.006534173068148883
HIST1H2AE,0.006504760144772355
FGD4,0.006476823836811033
SNCA,0.00645583853194039
TRDV3,0.006412029221850836
SPAG5-AS1,0.0063467376656020855
AL135818.1,0.006309734630573298
LRMDA,0.006228749954200698
AP000692.1,0.006202221206296685
JCHAIN,0.006152547732907837
CR1,0.006138423798636622
HIST1H2AK,0.005956040691727085
MUC16,0.0057366158557747874
LINC01800,0.005708145861419973
CD9,0.005671714213734646
MRO,0.005666721320710957
ITGA2B,0.005624924496565261
ADGRB1,0.005624132986814625
SLC6A16,0.005614451083159024
AC011815.2,0.005567818228072335
IFI44L,0.005489240796141654
LINC01355,0.005411724698147431
LGALSL,0.005405207469769948
AC215522.2,0.005398728411868853
MGST1,0.005393435417397084
EBLN2,0.005374799762931464
ARRDC4,0.005335924755335836
HIST2H3D,0.005319581325950997
AC110769.2,0.005294786564064374
AF213884.3,0.005275622488009689
AC005076.1,0.005203638600785707
DND1,0.005169730847638866
LINC01521,0.005164173627684651
TSPAN13,0.005160442105323514
POU5F2,0.00513100859042235
TRIQK,0.0050986728317402325
ZNF252P-AS1,0.005095047123368657
C1orf198,0.004929709695002109
P2RY11,0.004904274157981142
AC010359.3,0.004892817507511614
ASCL1,0.004842901325538059
FRY-AS1,0.004820334574612927
CSF1,0.004815808776121385
AC092164.1,0.004759945415304317
AL390066.1,0.004757911689200667
IL3RA,0.00473562048378264
AL109615.4,0.00473514994903608
AMDHD1,0.004693716598967097
THRB,0.00462086033111981
MFAP3L,0.004607141153208857
NTNG2,0.004597524273804931
S100Z,0.004548102793496485
TMEM220,0.004518863939972442
PTGES3L,0.004474469151351668
GUCY1B1,0.004417389837419672
HIST1H3F,0.00440489656948848
STX1B,0.004345225916960974
PLA2G4B,0.004310223456230249
IFIT1,0.00429738074105193
SGMS2,0.004210472842429229
TM6SF1,0.004205292067621389
INAFM2,0.004165804958272587
CTTN,0.004107150658260747
AL627309.5,0.004084099755391742
AC008569.2,0.004061434549800179
HIST2H2BE,0.004040306811100606
TRIM16L,0.004015012936463307
HIST1H2BH,0.003965768882718148
PTPRG-AS1,0.003962715649631958
TRAV22,0.003951204895758868
AC008764.7,0.0038924522289591926
U62317.4,0.00388528362404422
LRRC24,0.0038576673205066338
AC006058.1,0.0038483192226493844
HIST1H2BO,0.003846990516042717
TLR4,0.003835071922568413
FAM13A-AS1,0.003784378488070422
NEXN,0.003763350089277934
PANO1,0.003753177809640431
LYPLAL1-DT,0.0037419168203528326
LINC02605,0.0037125793110121845
LINC02193,0.003700519092566825
HIST1H2BL,0.003665770152935864
IER3-AS1,0.0036494484204404004
TTC7B,0.0036292533563919193
HIST1H2BG,0.0036058241752437744
REEP6,0.0035403151358071663
LTBP1,0.003522351400880067
EPOP,0.0034568349156005236
AL512625.2,0.0033582446446794945
AC019080.1,0.0033204255079098102
SERP2,0.0032375202164534028
ADGRL1,0.003083558026528099
TBXA2R,0.002945029518449429
HIST1H4E,0.002853373510013315
SRC,0.0025989374947413767
AC008763.1,0.0024529489343741062
ACRBP,0.0020902802097963846
TMEM86B,0.001679112801562675
MBNL1-AS1,0.0014229137105807753
SPATA1,0.0013896192853250326
TRBV29-1,0.0010354144169897282
AC009093.2,0.0010179551154198255
ZGLP1,0.0008214983738441018
HIST1H2AD,0.0007020076737141563
ABCA1,0.0006977764339424444
UPK3BL2,0.0005791086485696491
SLC9A3-AS1,0.0004811185504072667
DOK5,0.0003626390759741475
SELP,0.0002635824622355407
HCG27,8.027165768519911e-05
MARVELD1,3.280955288203059e-05
ULBP3,3.02289853077437e-05
CXCL8,0.0
SLC4A4,0.0
CDKL2,0.0
MIR302CHG,0.0
CEACAM4,0.0
PF4V1,0.0
CXCL5,0.0
AC004069.1,0.0
EREG,0.0
C5AR2,0.0
NECTIN2,0.0
AC114811.2,0.0
AC008403.3,0.0
APOE,0.0
PPM1K-DT,0.0
PTPN13,0.0
PNMA8A,0.0
WDFY3,0.0
CXCL10,0.0
LINC01088,0.0
NTN5,0.0
LINC00989,0.0
AC021127.1,0.0
S100P,0.0
SPINK2,0.0
TMEM150B,0.0
KIR2DL3,0.0
KIR2DL1,0.0
NME9,0.0
KIR3DL2,0.0
FCAR,0.0
GP6,0.0
TNNT1,0.0
AC117382.2,0.0
SIGLEC7,0.0
ZNF460-AS1,0.0
RAB6B,0.0
SDCBP2,0.0
NPHP3-AS1,0.0
ACKR4,0.0
AC112484.1,0.0
AL109809.5,0.0
WWTR1,0.0
AC104472.4,0.0
LAMP3,0.0
IGF2BP2,0.0
AC021148.2,0.0
CCDC149,0.0
AC008750.2,0.0
FAM184B,0.0
FPR2,0.0
NLRP12,0.0
AC006160.1,0.0
VSTM1,0.0
TNIP3,0.0
MSANTD1,0.0
AC253576.2,0.0
TM4SF19-AS1,0.0
GP5,0.0
CLDN1,0.0
AC112907.3,0.0
PDE5A,0.0
TRAV2,0.0
CYP2S1,0.0
MIA,0.0
SEMA6B,0.0
AC027319.1,0.0
PSPN,0.0
GFPT2,0.0
AC106795.2,0.0
F12,0.0
AC008760.1,0.0
CDHR2,0.0
MCEMP1,0.0
LINC01484,0.0
KCNMB1,0.0
TIMD4,0.0
FAXDC2,0.0
GPX3,0.0
ABLIM3,0.0
ARAP3,0.0
AC010240.3,0.0
PXDC1,0.0
GIPC3,0.0
BMP6,0.0
AL138824.1,0.0
LY6G6F,0.0
HIST1H4L,0.0
AC090409.1,0.0
DOK6,0.0
HIST1H3E,0.0
RBFADN,0.0
PRSS57,0.0
CIRBP-AS1,0.0
GNA11,0.0
AC027307.2,0.0
AMH,0.0
PEAK3,0.0
AC104530.1,0.0
GMPR,0.0
AC092068.2,0.0
AC119403.1,0.0
SHROOM1,0.0
AC116366.1,0.0
AC116366.2,0.0
MAML3,0.0
HOMER3-AS1,0.0
AC123912.1,0.0
AC123912.4,0.0
AL117335.1,0.0
SMAD1,0.0
LRP3,0.0
SCN1B,0.0
ANKRD50,0.0
GASK1B,0.0
AC010632.2,0.0
SPRY1,0.0
AC008395.1,0.0
PPP1R14A,0.0
C19orf33,0.0
IFNL1,0.0
FGF2,0.0
GUCY1A1,0.0
FAM198B-AS1,0.0
AC011472.2,0.0
AC114947.2,0.0
AC093535.1,0.0
CDO1,0.0
AC008494.3,0.0
LUCAT1,0.0
ANKRD31,0.0
ELOVL7,0.0
MRPS30-DT,0.0
AC008875.2,0.0
INSL3,0.0
DAB2,0.0
SLC1A3,0.0
PGLYRP2,0.0
PRLR,0.0
AC016575.2,0.0
CPAMD8,0.0
MIR3945HG,0.0
AC106865.2,0.0
THBD,0.0
CHST13,0.0
GNG4,0.0
AC092159.2,0.0
TRIM58,0.0
PHF21B,0.0
LINC01341,0.0
AL121672.1,0.0
AL121672.2,0.0
AL671710.1,0.0
NID1,0.0
TRIM17,0.0
Z82206.1,0.0
AL359979.2,0.0
MARC1,0.0
G0S2,0.0
ARHGAP6,0.0
PM20D1,0.0
PHLDA3,0.0
BEND2,0.0
KLHL34,0.0
SNTG2,0.0
MBOAT2,0.0
SMOX,0.0
EPAS1,0.0
LBX2,0.0
AC004832.6,0.0
TCN2,0.0
OSBP2,0.0
ACTG2,0.0
MEIS1,0.0
AL096701.3,0.0
LGALSL-DT,0.0
CYP1B1-AS1,0.0
ASAP2,0.0
PVALB,0.0
AL133245.1,0.0
CDC42EP1,0.0
PLB1,0.0
AC104695.4,0.0
UCN,0.0
MYCN,0.0
GRHL1,0.0
AL359834.1,0.0
PTGS2,0.0
LANCL3,0.0
SERINC2,0.0
PDZK1IP1,0.0
ZCCHC12,0.0
LINC00853,0.0
CCDC17,0.0
RHOXF1,0.0
LINC01144,0.0
SLFNL1-AS1,0.0
SPOCD1,0.0
FMR1-IT1,0.0
TNFSF4,0.0
MATN1,0.0
RAB42,0.0
C1QB,0.0
C1QC,0.0
KAZN,0.0
RERE-AS1,0.0
SLC45A1,0.0
AL365255.1,0.0
FRMPD3,0.0
TAL1,0.0
FOXD2,0.0
RPA4,0.0
DNM3,0.0
LINC01281,0.0
AL359962.3,0.0
RGS4,0.0
VSIG8,0.0
IQGAP3,0.0
AL158055.1,0.0
AQP10,0.0
TRO,0.0
C2CD4D-AS1,0.0
AL049557.1,0.0
VCAM1,0.0
LINC00891,0.0
DEPDC1,0.0
DNAJC6,0.0
AL355483.3,0.0
HDX,0.0
NEFH,0.0
RASL10A,0.0
RGPD2,0.0
ATP9A,0.0
INKA1,0.0
LINC01260,0.0
ALS2CL,0.0
TNNC2,0.0
TMEM158,0.0
AL133227.1,0.0
AC006058.3,0.0
RIPOR3,0.0
LINC02158,0.0
GPR35,0.0
AC006059.1,0.0
CTDSPL,0.0
AC096921.2,0.0
COLQ,0.0
TMEM40,0.0
GHRL,0.0
LINC01238.1,0.0
UCKL1-AS1,0.0
U73166.1,0.0
AL023803.3,0.0
AL391095.1,0.0
ZMYND10,0.0
KALRN,0.0
LINC00654,0.0
MYLK,0.0
HGD,0.0
RIN2,0.0
LINC01727,0.0
PACSIN1,0.0
ZNF80,0.0
AL096677.1,0.0
ST3GAL6,0.0
PROS1,0.0
ID1,0.0
LINC02018,0.0
AC097634.1,0.0
MUSTN1,0.0
GLYCTK-AS1,0.0
DOCK3,0.0
AP003900.1,0.0
RAMP1,0.0
IGKV2-30,0.0
AC016683.1,0.0
CLTCL1,0.0
CLDN5,0.0
MYO3B,0.0
AC009299.3,0.0
LINC01637,0.0
AC009951.6,0.0
IGLV1-47,0.0
AC104653.1,0.0
IL1RN,0.0
GPR55,0.0
IL1B,0.0
AC108463.3,0.0
FHL2,0.0
LYG1,0.0
MIF-AS1,0.0
AL008721.2,0.0
ADRA2B,0.0
GPAT2,0.0
DGCR11,0.0
AC008079.1,0.0
TUBA8,0.0
AC016737.1,0.0
SCG2,0.0
AP000240.1,0.0
OLIG1,0.0
SLC4A3,0.0
SPEGNB,0.0
PTPRN,0.0
CYP27A1,0.0
CATIP,0.0
AATBC,0.0
IGFBP2,0.0
AC108066.2,0.0
RAPH1,0.0
HECW2-AS1,0.0
AC021851.1,0.0
NCKAP1,0.0
AC009948.3,0.0
AC006946.3,0.0
AL662884.3,0.0
KCNK5,0.0
DSC2,0.0
VENTX,0.0
GOLGA8H,0.0
OTUD7A,0.0
GOLGA8O,0.0
AC010809.2,0.0
AP006284.1,0.0
CALY,0.0
AL360181.2,0.0
AC020658.5,0.0
CCDC9B,0.0
HBG1,0.0
FAM53B-AS1,0.0
CUZD1,0.0
AC023282.1,0.0
CASC2,0.0
MAP1A,0.0
FRMD5,0.0
AC090519.2,0.0
AC009996.1,0.0
HBB,0.0
HBG2,0.0
TCL1A,0.0
JAG2,0.0
MYEOV,0.0
CABP4,0.0
GPR152,0.0
CATSPER1,0.0
CST6,0.0
AL049840.4,0.0
FOSL1,0.0
LGALS12,0.0
MS4A14,0.0
IGHV1-3,0.0
AP000640.2,0.0
SERPING1,0.0
C11orf74,0.0
FAR1-IT1,0.0
AC116535.1,0.0
ADM,0.0
CAVIN3,0.0
AC104389.5,0.0
AL731557.1,0.0
AC051619.8,0.0
ATP8B4,0.0
AL160291.1,0.0
TET1,0.0
AL391839.3,0.0
AC036108.2,0.0
ADAMTS17,0.0
AC023024.1,0.0
PCSK6,0.0
HBA1,0.0
PDIA2,0.0
CCDC78,0.0
HSPA12A,0.0
ENKUR,0.0
SLC39A12,0.0
PROSER2,0.0
AC005363.2,0.0
PRSS27,0.0
MMP25,0.0
STPG3,0.0
C8G,0.0
ZNF503,0.0
KCNMA1,0.0
TTLL13P,0.0
AL603756.1,0.0
AL158163.1,0.0
C10orf95,0.0
AC011912.1,0.0
ABCC2,0.0
AC010999.2,0.0
AQP9,0.0
LIPC,0.0
SLIT1,0.0
SORBS1,0.0
AC011939.3,0.0
HEXA-AS1,0.0
NPTN-IT1,0.0
TMEM266,0.0
CH25H,0.0
ACTA2-AS1,0.0
AC103858.3,0.0
PAPSS2,0.0
AP000487.1,0.0
FOLR3,0.0
RAB44,0.0
ASIC1,0.0
CAPS2,0.0
NPFF,0.0
IGFBP6,0.0
TRAV30,0.0
TRAV26-2,0.0
KRT1,0.0
TRAV35,0.0
TRAV36DV7,0.0
WNT10B,0.0
TRAV24,0.0
TRAV39,0.0
TRAV40,0.0
TRAV41,0.0
TRDV2,0.0
AC008115.3,0.0
LRP6,0.0
CEBPE,0.0
CMTM5,0.0
TRAV25,0.0
TRDV1,0.0
AP001189.1,0.0
SCARB1,0.0
TRAV1-1,0.0
TRAV8-1,0.0
TRAV10,0.0
RNASE2,0.0
MCF2L,0.0
AL157813.1,0.0
ENOX1,0.0
AL138820.1,0.0
HCAR3,0.0
CSRP2,0.0
B3GNT4,0.0
KDM2B-DT,0.0
AC004263.2,0.0
AC130895.1,0.0
IQCD,0.0
FGD6,0.0
TRAV20,0.0
LIN7A,0.0
AL136295.17,0.0
TAS2R30,0.0
KLRC2,0.0
LINC01220,0.0
SENCR,0.0
ARG2,0.0
CCDC15-DT,0.0
AC005280.2,0.0
AP000866.2,0.0
ESAM,0.0
BACE1,0.0
ZBTB16,0.0
AF111167.2,0.0
KLRC3,0.0
ZC3H12C,0.0
AC007686.3,0.0
AC007262.2,0.0
LINC01146,0.0
AL162171.3,0.0
CASP5,0.0
AP002812.5,0.0
MYO7A,0.0
ARHGAP32,0.0
JAM3,0.0
AL136038.2,0.0
AL355916.2,0.0
CLEC1B,0.0
AC091814.1,0.0
AL132639.3,0.0
AC010175.1,0.0
AL359397.2,0.0
A2M,0.0
LINC00612,0.0
FRMD6-AS1,0.0
CLEC4E,0.0
CLEC4D,0.0
AL139317.3,0.0
AL139317.5,0.0
GPR162,0.0
SAMD4A,0.0
AC005840.4,0.0
B4GALNT3,0.0
GLB1L3,0.0
CCDC183-AS1,0.0
CCDC183,0.0
LCN8,0.0
ITGB3,0.0
STEAP4,0.0
GNAI1,0.0
TNS4,0.0
CLIP2,0.0
ZNF385C,0.0
AC211476.6,0.0
AC099681.1,0.0
TRGV7,0.0
AC004130.2,0.0
CYP51A1-AS1,0.0
ETV1,0.0
SDK1,0.0
FLJ45513,0.0
SAMD14,0.0
AC102953.2,0.0
AC147651.1,0.0
PDGFA,0.0
CUEDC1,0.0
RAPGEFL1,0.0
TBC1D3D,0.0
EGFL7,0.0
TRBV3-1,0.0
TRBV11-2,0.0
RASD1,0.0
TRBV10-2,0.0
TRBV10-1,0.0
CCDC144NL,0.0
AC087294.1,0.0
TRBV6-4,0.0
TRBV4-1,0.0
AC104564.5,0.0
LSMEM1,0.0
AC138207.4,0.0
AC005899.7,0.0
PODXL,0.0
AC018638.7,0.0
CPED1,0.0
ST7-AS1,0.0
CAV2,0.0
CCL3L1,0.0
MPO,0.0
FAM20C,0.0
AL603783.1,0.0
RSPH9,0.0
AATK,0.0
AC139149.1,0.0
DCXR-DT,0.0
LINC01970,0.0
SLC25A27,0.0
RCAN2,0.0
AC124283.1,0.0
CLIC5,0.0
PTCRA,0.0
AC008026.3,0.0
TREML1,0.0
TRAV1-2,0.0
AP001033.2,0.0
AP001033.1,0.0
AP001033.3,0.0
AP005432.1,0.0
PIEZO2,0.0
AP005131.6,0.0
PLA2G7,0.0
BAIAP2-DT,0.0
FO393414.3,0.0
CD109,0.0
AL117344.2,0.0
AL596202.1,0.0
AC007448.4,0.0
SASH1,0.0
AL031772.1,0.0
VNN3,0.0
VNN1,0.0
CD300LB,0.0
LAMA2,0.0
RNF217,0.0
AL080317.1,0.0
AL096794.1,0.0
SMIM5,0.0
AL132996.1,0.0
GABRR2,0.0
AC111170.2,0.0
AL356776.2,0.0
AC002553.2,0.0
ADORA2B,0.0
PMP22,0.0
LYPD2,0.0
AC007342.1,0.0
IRX3,0.0
ENHO,0.0
NFIB,0.0
AL928970.1,0.0
MT1G,0.0
CETP,0.0
CCL22,0.0
AC010542.5,0.0
AC016405.3,0.0
CMTM2,0.0
CES3,0.0
TG,0.0
AC139019.1,0.0
NRN1L,0.0
CTRL,0.0
ASAP1-IT2,0.0
AC009060.1,0.0
TGFB1I1,0.0
AC026471.4,0.0
AL161457.2,0.0
RORB,0.0
AL355574.1,0.0
AC099489.1,0.0
GFI1B,0.0
AC007216.3,0.0
LINC01503,0.0
DNM1,0.0
LCN2,0.0
AC005632.3,0.0
AC092119.2,0.0
PAPPA,0.0
STX17-AS1,0.0
AL359710.1,0.0
HEMGN,0.0
S1PR3,0.0
AL353748.3,0.0
AL353743.2,0.0
FRMD3,0.0
AC016405.1,0.0
CHST6,0.0
TRBV7-4,0.0
TRBV11-3,0.0
TRBV23-1,0.0
TRBV21-1,0.0
ALOX12,0.0
CLEC10A,0.0
ASGR2,0.0
TRBV12-4,0.0
DLG4,0.0
TRBV12-3,0.0
TRBV10-3,0.0
LRP12,0.0
TRBV13,0.0
TRBV7-7,0.0
PIK3R6,0.0
TRBV5-6,0.0
TRBV5-5,0.0
MYH3,0.0
TRBV6-6,0.0
TRBV5-4,0.0
GP1BA,0.0
TRBV24-1,0.0
AC244472.1,0.0
TRBV30,0.0
AP002982.2,0.0
C8orf37,0.0
CRISPLD2,0.0
MIR378D2HG,0.0
AC018695.6,0.0
LRRC69,0.0
AC010536.1,0.0
AC036214.2,0.0
AC090186.1,0.0
SPIRE2,0.0
IDO1,0.0
FAM157C,0.0
SMIM18,0.0
AC011726.3,0.0
MSR1,0.0
AC246817.2,0.0
ATP6V0E2-AS1,0.0
MSS51,0.0
