gene,S2,p_value_perm
ZNF648,1.0152150677688423,0.001996007984031936
GRM5-AS1,0.9939722973047742,0.001996007984031936
SYP-AS1,0.990441491458086,0.001996007984031936
MFAP3,0.9833816079334856,0.001996007984031936
RP11-330A16.1,0.9674438944587797,0.001996007984031936
AC006373.1,0.9550705339875395,0.001996007984031936
APOA1,0.9515137185440088,0.001996007984031936
SDF2L1,0.9497451362640806,0.001996007984031936
CCIN,0.9338228739599208,0.001996007984031936
LINC01050,0.9108294728407731,0.001996007984031936
RPS6KA4,0.9072905605893685,0.001996007984031936
RP11-84C10.3,0.9055530511011268,0.001996007984031936
TMED4,0.903762018010018,0.001996007984031936
PPP1R36,0.9037602874989175,0.001996007984031936
RP4-622L5.7,0.9002804490101968,0.001996007984031936
CTD-2245F17.2,0.9002665512894991,0.003992015968063872
RP4-799P18.2,0.8949138727467215,0.001996007984031936
COL4A2-AS2,0.8931592906129231,0.2315369261477046
PRG2,0.893148784236812,0.001996007984031936
PGS1,0.8915556380138404,0.01996007984031936
ARNTL,0.8896924828714101,0.001996007984031936
PHF6,0.8896397450403569,0.001996007984031936
ALOX15,0.8896186490325514,0.001996007984031936
AC005009.2,0.8896133749524333,0.001996007984031936
PRSS58,0.8896116169187791,0.001996007984031936
CFC1B,0.8896081008410476,0.001996007984031936
CCZ1B,0.8860815100085118,0.001996007984031936
CWC25,0.8860762148747258,0.001996007984031936
RP11-112L6.3,0.8860709197092961,0.059880239520958084
RBM11,0.8843147092324374,0.10179640718562874
RP11-488C13.6,0.8843005605932511,0.001996007984031936
PACSIN3,0.8825869011313711,0.001996007984031936
VCX3B,0.8825372829524442,0.001996007984031936
CC2D2B,0.8807846806319574,0.001996007984031936
HCFC1R1,0.880763372528041,0.001996007984031936
WDR41,0.8790161294930241,0.001996007984031936
RP11-86A5.1,0.8754736685172525,0.001996007984031936
GDF15,0.8719706249339114,0.08782435129740519
RP11-806H10.4,0.8719544823618431,0.001996007984031936
PSMC3IP,0.8719419268213974,0.09580838323353294
RP11-685A21.1,0.8701589980554117,0.001996007984031936
MRPS21,0.8701518086788884,0.001996007984031936
RP11-73M7.1,0.8683958217489107,0.626746506986028
RP11-381K20.4,0.8683904187741398,0.001996007984031936
SERPINB3,0.868390418774139,0.001996007984031936
TRAJ25,0.8683850157657512,0.001996007984031936
PRAMEF14,0.8683850157657509,0.001996007984031936
CLDN6,0.8683832147554839,0.001996007984031936
CTD-2091N23.1,0.8666777826131908,0.001996007984031936
CACNA1F,0.8666272535685239,0.001996007984031936
MCF2L-AS1,0.8666164255327949,0.001996007984031936
ABCA9,0.86661462084702,0.2694610778443114
KB-1043D8.8,0.8648604938582416,0.001996007984031936
PRAMEF2,0.8631662206186655,0.001996007984031936
RP11-95H11.1,0.8631118619823784,0.001996007984031936
MS4A14,0.8613723900349686,0.001996007984031936
IGBP1-AS2,0.8613433388120723,0.001996007984031936
DES,0.8613378915986953,0.001996007984031936
RP11-846C15.2,0.8613251813001799,0.11776447105788423
CHRNB4,0.8613251813001795,0.001996007984031936
CTD-2553L13.10,0.8613215497518674,0.001996007984031936
GPKOW,0.8613161024006912,0.001996007984031936
FASTKD2,0.8596348562887984,0.001996007984031936
RP11-197K3.1,0.859611204533933,0.001996007984031936
TIGD2,0.8595620795789561,0.001996007984031936
EID1,0.8595475234975585,0.001996007984031936
RP11-397O4.1,0.8595475234975579,0.001996007984031936
MAX,0.8577734748227183,0.001996007984031936
CDH12,0.8561254619648313,0.001996007984031936
FBLN1,0.8560377711460042,0.001996007984031936
RP11-685G9.2,0.856037771146004,0.001996007984031936
RP11-99H20.1,0.8560085388767988,0.001996007984031936
AC007349.5,0.8542472797148392,0.249500998003992
RP11-1C1.4,0.8542417872522748,0.001996007984031936
RP11-173E2.2,0.8542417872522746,0.001996007984031936
AC144568.2,0.854236294754395,0.001996007984031936
TP53,0.8524970584522419,0.001996007984031936
LINC01076,0.8524805471287884,0.001996007984031936
ZNF385A,0.8524732086601561,0.001996007984031936
ACTB,0.8524732086601559,0.001996007984031936
VAMP8,0.852467704767225,0.001996007984031936
RP11-146N18.1,0.8507046301470046,0.001996007984031936
SRI,0.850704630147004,0.001996007984031936
TFAP2C,0.8489415785028038,0.001996007984031936
RNASE7,0.8489305248878418,0.001996007984031936
CTD-2130O13.1,0.8472505444684538,0.001996007984031936
CTD-2026K11.2,0.8472320849259365,0.001996007984031936
SYS1-DBNDD2,0.8471767038850436,0.001996007984031936
RP11-20I20.2,0.8471674733595806,0.001996007984031936
ANO7,0.8471582427335435,0.001996007984031936
RSBN1,0.8453933451363977,0.001996007984031936
TMEM89,0.8436451476076808,0.001996007984031936
RP11-830F9.5,0.8436451476076805,0.001996007984031936
ART5,0.8436247553091543,0.001996007984031936
GLYCTK,0.8419286151295318,0.001996007984031936
TM6SF2,0.8418896045730911,0.001996007984031936
ESR2,0.841867312014943,0.720558882235529
RP11-430H10.4,0.8418673120149428,0.0718562874251497
RP11-229P13.22,0.8418617387831702,0.08582834331337326
ZNF853,0.8418543077500804,0.003992015968063872
SLC7A6,0.8401974073046122,0.001996007984031936
ZFX-AS1,0.8401378394312093,0.001996007984031936
HCFC2,0.8401210852058253,0.021956087824351298
CD81,0.8400987457188849,0.001996007984031936
QRICH1,0.840093160754331,0.001996007984031936
LRRC40,0.8400875757526471,0.001996007984031936
CECR6,0.8400857140771686,0.001996007984031936
RP11-16B13.1,0.8384141262741741,0.001996007984031936
UGDH-AS1,0.8383693557365682,0.001996007984031936
RP11-544M22.13,0.838324582808001,0.001996007984031936
IGHV1-58,0.8383227172174178,0.013972055888223553
ALK,0.836561613523647,0.001996007984031936
DEC1,0.8365503963281609,0.001996007984031936
TOM1L2,0.834802414977354,0.03992015968063872
MAGEA3,0.8347967945792436,0.001996007984031936
RP11-327J17.2,0.834787427164969,0.7285429141716567
AC006273.4,0.8347855536695009,0.001996007984031936
AC004381.6,0.833063907554,0.001996007984031936
MAT2B,0.8330413788163048,0.001996007984031936
TMPRSS11D,0.8330244818631941,0.001996007984031936
SLFN12L,0.8330113395515963,0.001996007984031936
LINC00279,0.8313405772969332,0.003992015968063872
FYN,0.8312784933617211,0.001996007984031936
CHST9,0.8312728491376891,0.001996007984031936
RP11-107N15.1,0.8312596791325747,0.09181636726546906
AC023469.1,0.831255916235646,0.001996007984031936
PLA2G16,0.8312446274426554,0.001996007984031936
CEBPE,0.8295721922946468,0.011976047904191617
C15orf38-AP3S2,0.8295363713651615,0.015968063872255488
TTC21A,0.8294967780118145,0.001996007984031936
SS18,0.8294911216642045,0.013972055888223553
RP11-693L9.2,0.8294873507443682,0.7744510978043913
CTD-2199O4.1,0.8294760378820039,0.001996007984031936
PABPC1L,0.8294741523899422,0.001996007984031936
BCAS4,0.8279171583657204,0.001996007984031936
RP11-173A6.3,0.8277509061450359,0.0718562874251497
MRPS5,0.8277206748809058,0.001996007984031936
RP11-273B20.3,0.8277187853902358,0.001996007984031936
CTSS,0.827713116892348,0.001996007984031936
TP53I3,0.8277074483556391,0.007984031936127744
TMEM126B,0.8260354250208198,0.005988023952095809
DOK4,0.8259824097047906,0.001996007984031936
PXYLP1,0.8259445395384912,0.001996007984031936
AC006458.3,0.8259445395384908,0.001996007984031936
CSTL1,0.8259388588637832,0.001996007984031936
ARID1A,0.8242765297332149,0.20758483033932135
ACTR10,0.8242613505252563,0.001996007984031936
CTD-2560E9.3,0.8242518633783296,0.001996007984031936
LINC01256,0.824204426005645,0.2155688622754491
ANKRD33,0.8241816550969362,0.001996007984031936
REPS1,0.8241759622714578,0.27345309381237526
AC005808.3,0.8241759622714577,0.12375249500998003
RP11-618M23.4,0.8241759622714577,0.001996007984031936
TMCO5A,0.8241664741416107,0.001996007984031936
RP11-160E2.11,0.8224929569529332,0.005988023952095809
ACKR4,0.8224530245257076,0.001996007984031936
CTD-2535L24.2,0.8224359100347919,0.001996007984031936
ALCAM,0.822430205125343,0.09181636726546906
ACR,0.8224168935160654,0.001996007984031936
RP11-791M20.1,0.8224073850918078,0.001996007984031936
RP11-538D16.3,0.8224073850918072,0.08582834331337326
NANOS2,0.8224073850918072,0.001996007984031936
WAC,0.822407385091807,0.001996007984031936
PRIM2,0.822405483393764,0.001996007984031936
RP5-1024G6.5,0.822405483393764,0.001996007984031936
TRAV8-1,0.8207512421576137,0.013972055888223553
MRPS23,0.8206673944156947,0.001996007984031936
DRD1,0.820644525362886,0.003992015968063872
TMPO,0.8206388080001056,0.001996007984031936
PARN,0.8206330905974927,0.001996007984031936
HK3,0.8190306477511923,0.001996007984031936
SNURF,0.8189103381315007,0.001996007984031936
MCEE,0.8188988791506336,0.001996007984031936
RP11-498P14.5,0.8188759607078442,0.001996007984031936
AK9,0.818864501245908,0.001996007984031936
LCN2,0.818864501245908,0.011976047904191617
TRBV24-1,0.8188625913199941,0.001996007984031936
RP11-148O21.6,0.8172088335303829,0.001996007984031936
PANK1,0.8171475898531648,0.001996007984031936
OVOL1-AS1,0.8171265362789786,0.001996007984031936
MFSD3,0.8170997400363574,0.13572854291417166
PCLO,0.8170959119299616,0.001996007984031936
LINC01300,0.8170939978700378,0.03592814371257485
RP11-386I8.6,0.8170939978700378,0.11976047904191617
RP11-867G23.12,0.8156015804972722,0.03792415169660679
AC159540.1,0.8153733583809128,0.1157684630738523
RP5-1011O1.2,0.8153714402773469,0.0499001996007984
RP11-181G12.2,0.8153407500066019,0.001996007984031936
RP1-251M9.3,0.8153330772584121,0.9461077844311377
RP11-793B23.1,0.8153311590600828,0.001996007984031936
AC079767.4,0.8153273226498851,0.001996007984031936
ACTA2,0.8136798343071564,0.13972055888223553
AL049794.1,0.8136798343071563,0.001996007984031936
LINC01410,0.8136510023940916,0.001996007984031936
RP11-715J22.4,0.8136106359993167,0.001996007984031936
RP11-359K18.3,0.8136048692080023,0.001996007984031936
RP1-155D22.1,0.8135875685888053,0.25349301397205587
ARHGEF6,0.8135702676017099,0.001996007984031936
RP11-147L13.14,0.8135702676017095,0.001996007984031936
RP11-114H24.7,0.8135645005242517,0.001996007984031936
ABCA10,0.8135645005242512,0.001996007984031936
AZU1,0.8135645005242512,0.043912175648702596
AC009410.1,0.8135645005242509,0.2834331337325349
AC008753.4,0.811824821677015,0.001996007984031936
MAZ,0.8118248216770146,0.001996007984031936
RP11-770E5.1,0.8118055565939273,0.2315369261477046
AC011343.1,0.8117959238809381,0.001996007984031936
CEND1,0.8117959238809377,0.00998003992015968
AC093495.4,0.8117939973246231,0.001996007984031936
CLCNKA,0.8117901441982796,0.001996007984031936
ZNF718,0.8117901441982788,0.001996007984031936
SMN2,0.8100370010734297,0.001996007984031936
DEFB113,0.8100331395894899,0.011976047904191617
SKA1,0.810027347329066,0.001996007984031936
CKLF-CMTM1,0.8082974696455094,0.059880239520958084
OR6C65,0.8082877951251417,0.001996007984031936
DESI2,0.8082819903573383,0.001996007984031936
PIGT,0.8082742506020858,0.001996007984031936
COL18A1-AS2,0.8082587708692383,0.001996007984031936
PBK,0.8082587708692379,0.001996007984031936
NAPB,0.8082587708692378,0.001996007984031936
RP3-403L10.3,0.808256835881786,0.001996007984031936
CSF3,0.8082529658929863,0.001996007984031936
LINC01048,0.8082529658929863,0.001996007984031936
IL12RB2,0.8082529658929859,0.001996007984031936
ITGB6,0.8066123566404474,0.0998003992015968
SPTBN2,0.8065425519699179,0.11976047904191617
RP11-294C11.1,0.8065367346413331,0.5808383233532934
ZBTB43,0.80649989058588,0.001996007984031936
RP3-428L16.2,0.8064998905858798,0.001996007984031936
OTOP1,0.8064960121663394,0.001996007984031936
CTD-2260A17.3,0.8064882552713044,0.001996007984031936
CDON,0.806484376795809,0.001996007984031936
EXTL3-AS1,0.8064824375510669,0.001996007984031936
RASSF6,0.8064824375510663,0.001996007984031936
POLR2A,0.8048149003588254,0.001996007984031936
XXYLT1-AS1,0.8047371660008146,0.029940119760479042
TRGV1,0.8047274486780931,0.12974051896207583
GATA3-AS1,0.8047274486780928,0.001996007984031936
RP11-81H14.1,0.8047216182281354,0.001996007984031936
AP1G2,0.8047157877359353,0.001996007984031936
RP11-426J5.2,0.8029530420480898,0.001996007984031936
ZNF140,0.8029530420480896,0.2714570858283433
EED,0.8029530420480896,0.001996007984031936
MAP2,0.8012723043281331,0.00998003992015968
RP11-893F2.15,0.8012078904682925,0.001996007984031936
RP11-52J3.3,0.8011942262565,0.001996007984031936
DIRAS2,0.8011844659625408,0.001996007984031936
ZFP90,0.8011786097290906,0.001996007984031936
KCNJ14,0.8011766576417615,0.001996007984031936
RASD1,0.7994784919790912,0.3213572854291417
GSDMA,0.7994628419369145,0.001996007984031936
RAB33A,0.7994550168009407,0.5988023952095808
ENTPD1,0.7994452352732624,0.001996007984031936
PCDHB2,0.7994315409334452,0.001996007984031936
PRLR,0.7994315409334446,0.001996007984031936
LL0XNC01-237H1.2,0.7994256718588545,0.001996007984031936
CTD-2215E18.2,0.7994158899721157,0.001996007984031936
SLIRP,0.7994158899721154,0.001996007984031936
ZMYM6NB,0.7994158899721154,0.001996007984031936
UBALD2,0.7994100207826188,0.001996007984031936
RP11-571L19.7,0.799408064376544,0.5169660678642715
SRR,0.7980295642710978,0.005988023952095809
FADS2,0.7977355419176221,0.001996007984031936
AC025171.1,0.7976571176527153,0.001996007984031936
FAM138E,0.7976551569473005,0.001996007984031936
AC004637.1,0.7976551569473003,0.09580838323353294
GPLD1,0.7976414318744511,0.007984031936127744
RP11-360I2.1,0.7976414318744511,0.001996007984031936
RP11-774I5.1,0.7976414318744507,0.001996007984031936
PCDHB11,0.7976414318744504,0.001996007984031936
RP11-262K1.1,0.7959494781653913,0.001996007984031936
RP11-132N15.2,0.7959082139958495,0.001996007984031936
RP11-303E16.7,0.7959082139958493,0.06786427145708583
MPO,0.7958846335098404,0.003992015968063872
ASIP,0.7958846335098402,0.001996007984031936
RP5-1121E10.2,0.795876773192582,0.001996007984031936
LINC01036,0.7958767731925818,0.001996007984031936
RP11-553L6.5,0.7958728430048413,0.313373253493014
RP11-15B24.1,0.795872843004841,0.003992015968063872
RP11-276H7.2,0.7941987833616969,0.001996007984031936
SLC12A9,0.7941672748826736,0.04590818363273453
OGDH,0.7941397039380256,0.001996007984031936
AC092687.4,0.7941337957539226,0.001996007984031936
CTD-2591A6.2,0.7941259181067422,0.001996007984031936
SLC38A8,0.7941180403814152,0.001996007984031936
RP13-270P17.1,0.7941160709378732,0.499001996007984
RP11-712B9.2,0.7941101625779414,0.001996007984031936
RP11-400N13.3,0.7941101625779409,0.7065868263473054
RP11-77K12.7,0.7924659301863989,0.001996007984031936
RP11-284F21.11,0.7924659301863983,0.001996007984031936
ABR,0.7923652729001156,0.001996007984031936
DPPA4,0.792347508522206,0.001996007984031936
TMEM198,0.7923415869743966,0.001996007984031936
RNASE2,0.7923415869743964,0.17764471057884232
RP11-544D21.2,0.7923415869743964,0.003992015968063872
RP11-350N15.3,0.7923415869743962,0.001996007984031936
RTEL1-TNFRSF6B,0.7923396131152921,0.001996007984031936
ODF3B,0.7923396131152919,0.00998003992015968
ELOVL2,0.790630379285089,0.001996007984031936
AC012370.3,0.7906026849971394,0.001996007984031936
PRR5,0.7906026849971389,0.001996007984031936
CBR4,0.790578946263886,0.001996007984031936
RP11-62N21.1,0.7905789462638858,0.001996007984031936
FBXL6,0.7905730114691963,0.001996007984031936
KLHDC4,0.7905710331943995,0.001996007984031936
CTB-43E15.2,0.7905710331943987,0.5568862275449101
EIF4E3,0.7905650983403059,0.001996007984031936
TMEM52B,0.7905650983403056,0.001996007984031936
CCDC24,0.7888619324936906,0.001996007984031936
INHA,0.7888282281977748,0.001996007984031936
C2orf16,0.7888282281977744,0.10179640718562874
OVCH1-AS1,0.7888202975659185,0.001996007984031936
POT1,0.7888103841639729,0.001996007984031936
GLIDR,0.788804436063003,0.04590818363273453
AC004744.3,0.7888044360630027,0.001996007984031936
RP11-545M17.1,0.7888024533527118,0.001996007984031936
PLCB2,0.7887984879171801,0.001996007984031936
HAPLN2,0.7887984879171793,0.001996007984031936
RP11-534L20.5,0.7887965051919379,0.001996007984031936
LUM,0.7872325653329486,0.003992015968063872
ADGRD1,0.7871073953810909,0.313373253493014
RAI2,0.7871054083959733,0.001996007984031936
AC005618.8,0.7870994474105222,0.001996007984031936
TMEM53,0.7870597063537595,0.001996007984031936
IGKV1-27,0.7870517579016072,0.001996007984031936
NEMP2,0.7870457965098137,0.001996007984031936
RP11-278C7.4,0.7870438093691823,0.001996007984031936
ZNF721,0.7870358607564828,0.001996007984031936
C12orf65,0.7870338735907648,0.001996007984031936
ARL6IP5,0.7870338735907646,0.001996007984031936
AC092159.3,0.7870338735907637,0.001996007984031936
OR5R1,0.7870298992442766,0.590818363273453
PLA2G5,0.7870279120635059,0.001996007984031936
CTD-2194D22.2,0.7853728353072182,0.005988023952095809
SLCO1C1,0.7852832184981823,0.001996007984031936
AC007193.10,0.7852772436806145,0.001996007984031936
R3HDML,0.7852672855503096,0.001996007984031936
AVIL,0.7852652939090955,0.001996007984031936
NCDN,0.7852613106115119,0.001996007984031936
REM1,0.7852613106115117,0.001996007984031936
YY1AP1,0.7852613106115117,0.001996007984031936
C6orf1,0.7852593189551432,0.4231536926147705
RP11-190A12.8,0.7852593189551432,0.001996007984031936
CTD-2203K17.1,0.7835885313433759,0.001996007984031936
ZNF7,0.7835286518886501,0.1317365269461078
MYD88,0.7835286518886494,0.001996007984031936
KIF5C,0.7835146793574111,0.001996007984031936
SLCO3A1,0.7835146793574108,0.001996007984031936
HOXA3,0.783508691053459,0.001996007984031936
EPHB1,0.7835086910534582,0.001996007984031936
TRAPPC4,0.7835046988253973,0.001996007984031936
MTUS2,0.7835046988253973,0.12375249500998003
RP11-147C23.1,0.7835046988253969,0.001996007984031936
CITED1,0.7835046988253963,0.001996007984031936
RP11-659P15.1,0.7835046988253963,0.001996007984031936
GP5,0.7834987104451633,0.27944111776447106
TARBP1,0.7834987104451633,0.001996007984031936
RP5-921G16.2,0.7834967143082479,0.001996007984031936
LACE1,0.783492722019159,0.001996007984031936
SRRM5,0.7834887297097275,0.001996007984031936
MRPL55,0.781826160763134,0.001996007984031936
CABIN1,0.7817781495767729,0.001996007984031936
RP11-737O24.1,0.7817721479711595,0.001996007984031936
DTX3L,0.7817721479711591,0.001996007984031936
RP11-13K12.5,0.7817541428778704,0.001996007984031936
RP11-434P11.2,0.7817361373698845,0.001996007984031936
AP001063.1,0.7817361373698841,0.001996007984031936
SNHG19,0.7817361373698841,0.001996007984031936
LINC01247,0.781730135441729,0.001996007984031936
BAX,0.7817301354417288,0.001996007984031936
GPSM1,0.7817241334674926,0.001996007984031936
AK4,0.7817241334674918,0.001996007984031936
FLJ13224,0.7817221327991734,0.001996007984031936
LGALS16,0.7800096835418275,0.1437125748502994
OR6N1,0.7800096835418271,0.001996007984031936
TRAF5,0.7799615605406992,0.001996007984031936
EFEMP2,0.779961560540699,0.001996007984031936
DENND6B,0.779961560540699,0.001996007984031936
EXOC3L1,0.7799595553512179,0.001996007984031936
KCTD12,0.7799555449567884,0.001996007984031936
NNT-AS1,0.779955544956788,0.5029940119760479
MOB3A,0.7799555449567878,0.005988023952095809
RP1-266L20.4,0.7799535397518411,0.001996007984031936
NAMPT,0.7799535397518406,0.001996007984031936
RP11-244M2.1,0.7783919249730477,0.3712574850299401
ATP8B1,0.778287437980155,0.001996007984031936
IGLCOR22-2,0.7782412181047657,0.001996007984031936
LDLR,0.7782412181047649,0.001996007984031936
ABCG4,0.7782351892229921,0.003992015968063872
RP1-56K13.2,0.7782231313193292,0.3073852295409182
RP1-187B23.1,0.7782231313193287,0.001996007984031936
TRBV18,0.7782171022974368,0.003992015968063872
TOMM6,0.7782150926130926,0.001996007984031936
RP11-727F15.9,0.7782010246773687,0.001996007984031936
PPM1B,0.7781929857427721,0.001996007984031936
RP11-404K5.4,0.7781929857427718,0.001996007984031936
FAM47C,0.7781929857427714,0.001996007984031936
ATP6V1C2,0.7781929857427714,0.001996007984031936
CUL5,0.7781909759961467,0.001996007984031936
RP11-524H19.2,0.778186956487326,0.001996007984031936
RP11-480D4.2,0.7781869564873256,0.001996007984031936
AHSA1,0.7765633868228773,0.49700598802395207
RP11-168K9.2,0.7764888666745304,0.021956087824351298
CDH19,0.7764787958356786,0.001996007984031936
DDX58,0.7764727532696708,0.001996007984031936
LINC00589,0.7764546252894994,0.07385229540918163
RP11-254F19.3,0.7764546252894986,0.001996007984031936
AC073284.4,0.7764304539908823,0.35129740518962077
CACNA1G,0.7764244110486515,0.001996007984031936
RNF122,0.7764244110486509,0.32335329341317365
HIST1H2AC,0.7764223967241227,0.001996007984031936
SUPT3H,0.7764183680593877,0.001996007984031936
MT2A,0.7748274257150859,0.001996007984031936
AC004941.3,0.7746719876563117,0.001996007984031936
VPS37D,0.7746639120997733,0.001996007984031936
RP3-323A16.1,0.7746618931974838,0.001996007984031936
MTRNR2L8,0.7746618931974836,0.001996007984031936
ANP32E,0.7746558364590485,0.001996007984031936
FXYD6,0.7746558364590481,0.5489021956087824
GRPEL2,0.7746558364590481,0.18163672654690619
PWRN3,0.7746558364590478,0.5868263473053892
CTB-17P3.4,0.7746558364590476,0.4411177644710579
LRP10,0.7731300487061751,0.001996007984031936
RP11-455F5.4,0.7730491282679575,0.003992015968063872
TSPY9P,0.7729358254219161,0.001996007984031936
LAMB3,0.7729297551578774,0.09580838323353294
AC116609.1,0.7729176144867781,0.02594810379241517
LINC01623,0.7729115440797151,0.001996007984031936
HMGB3,0.7729034501294658,0.001996007984031936
AC114763.1,0.7728973796111555,0.001996007984031936
RBM34,0.7728973796111551,0.001996007984031936
DDIAS,0.7728933325724592,0.001996007984031936
LYZ,0.772893332572459,0.001996007984031936
OAZ1,0.7728872619746816,0.001996007984031936
RP11-375D13.3,0.7728872619746813,0.001996007984031936
CYP2C8,0.7728852384314934,0.001996007984031936
CENPL,0.7728811913292222,0.001996007984031936
RP1,0.7728811913292214,0.1277445109780439
IRF1,0.7711673624176131,0.001996007984031936
ATP5EP2,0.7711349128780982,0.001996007984031936
AC012314.8,0.7711288284374211,0.7544910179640718
CNTNAP4,0.7711288284374208,0.33532934131736525
PABPC1L2A,0.771124772116965,0.001996007984031936
ACSL4,0.771124772116965,0.001996007984031936
TMEM207,0.771124772116965,0.3992015968063872
PRCC,0.771118687596274,0.003992015968063872
ZNF107,0.7711186875962738,0.001996007984031936
C1QA,0.7711166594120407,0.001996007984031936
SYCE1L,0.7711166594120407,0.001996007984031936
ZMYM6,0.7711126030275717,0.001996007984031936
GS1-251I9.3,0.7711126030275717,0.001996007984031936
FAM83A-AS1,0.771112603027571,0.3393213572854291
ERVV-2,0.771110574827335,0.5449101796407185
GNAS,0.7695208532686385,0.17365269461077845
RP11-74C3.1,0.7693806053792356,0.001996007984031936
DNAJB9,0.7693663759041076,0.001996007984031936
MRPL22,0.7693562118321716,0.001996007984031936
AC007557.5,0.7693501133245562,0.001996007984031936
RP11-355F16.1,0.7693501133245556,0.001996007984031936
KRTAP4-8,0.7693480804779416,0.001996007984031936
JAK2,0.7693440147685977,0.001996007984031936
GRPEL2-AS1,0.7693419819058698,0.001996007984031936
PLEKHG3,0.7676080265643573,0.001996007984031936
RP11-318K12.2,0.7675978392094112,0.001996007984031936
SLC45A1,0.7675917267315444,0.27944111776447106
RP11-413P11.1,0.7675876517192586,0.001996007984031936
AC011747.3,0.7675876517192582,0.001996007984031936
AC009506.1,0.7675815391602668,0.001996007984031936
ZKSCAN8,0.7675815391602665,0.25149700598802394
TRAPPC10,0.7675815391602665,0.001996007984031936
LEPR,0.7675815391602665,0.001996007984031936
RP11-270M14.4,0.767581539160266,0.001996007984031936
RP11-358M14.2,0.767581539160266,0.001996007984031936
RP11-554A11.5,0.7675754265525974,0.001996007984031936
UPF3A,0.7675754265525974,0.001996007984031936
AC008641.1,0.7660089944076135,0.11776447105788423
CTA-398F10.1,0.7659416149933995,0.001996007984031936
AURKA,0.7659416149933995,0.001996007984031936
DICER1,0.7659048600872329,0.001996007984031936
FITM1,0.7658619771339658,0.003992015968063872
TLX3,0.7658619771339653,0.001996007984031936
WBP2NL,0.7658435979903596,0.001996007984031936
RP11-57C13.6,0.76583542934051,0.001996007984031936
TRBC1,0.7658354293405096,0.001996007984031936
STATH,0.7658293027959432,0.001996007984031936
TMEM57,0.7658231762023645,0.001996007984031936
RP11-582J16.5,0.765819091779417,0.001996007984031936
DCAF4,0.7658129651041486,0.001996007984031936
RP11-98C1.2,0.7658129651041486,0.001996007984031936
CLIP1,0.7658129651041484,0.001996007984031936
C6orf229,0.7658129651041484,0.001996007984031936
LINC01562,0.7658129651041482,0.1936127744510978
IGHV3-49,0.7658068383798654,0.001996007984031936
ANO1-AS1,0.7658068383798654,0.001996007984031936
RP11-77E14.2,0.7658047961275459,0.001996007984031936
SPOCK1,0.7658047961275458,0.001996007984031936
RP5-1029F21.4,0.7658047961275458,0.2055888223552894
TIMD4,0.7658027538697794,0.001996007984031936
CYYR1,0.7642899869474253,0.5329341317365269
AC016682.1,0.7641426389452942,0.001996007984031936
RP11-624D11.2,0.7641037507062831,0.001996007984031936
RAET1G,0.7640750949478806,0.001996007984031936
NDUFA13,0.7640689542884009,0.001996007984031936
IGHV5-78,0.7640607666656586,0.001996007984031936
NNMT,0.7640546258910227,0.001996007984031936
SMCO1,0.7640505320138475,0.001996007984031936
KRTAP12-1,0.7640505320138473,0.3872255489021956
TJP2,0.7640505320138469,0.001996007984031936
SPARC,0.7640443911569544,0.001996007984031936
RP11-498M15.1,0.7640443911569542,0.001996007984031936
RP11-305L7.3,0.7640443911569542,0.001996007984031936
FKBP6,0.764044391156954,0.001996007984031936
RP11-436F21.1,0.764044391156954,0.003992015968063872
RP11-315A16.1,0.7640382502507049,0.001996007984031936
RP1-228P16.8,0.7640382502507045,0.001996007984031936
ALPP,0.7640382502507045,0.001996007984031936
CPOX,0.7640362032709869,0.001996007984031936
PGM1,0.7640362032709869,0.001996007984031936
EIF4EBP1,0.7640362032709866,0.001996007984031936
RBBP8,0.7623414692034493,0.001996007984031936
HOOK2,0.7623250567625077,0.001996007984031936
AGPAT2,0.7623065923440736,0.001996007984031936
ZC3H6,0.7623024890792398,0.001996007984031936
POLR1D,0.7623004374385411,0.7345309381237525
RIPK2,0.7622860757990355,0.001996007984031936
ROBO3,0.7622696621654177,0.003992015968063872
C14orf142,0.7622696621654174,0.7744510978043913
RP11-15K19.2,0.7622696621654174,0.001996007984031936
IGHV3-74,0.7622696621654169,0.001996007984031936
USP40,0.7622655587017898,0.003992015968063872
SLC6A3,0.7605483721005216,0.003992015968063872
GRAP,0.760538090181999,0.001996007984031936
LRRC52,0.7605339773756691,0.02594810379241517
RP11-368I23.3,0.7605319209641637,0.1157684630738523
TMEM41A,0.7605236952625372,0.001996007984031936
RP11-110I1.14,0.7605236952625372,0.001996007984031936
PVRL3,0.7605072435923742,0.001996007984031936
FOXD3,0.760507243592374,0.001996007984031936
GRHL3,0.7605051871085805,0.001996007984031936
XXbac-B444P24.14,0.7605051871085803,0.001996007984031936
DEFA1,0.7605051871085798,0.5069860279441117
RFWD3,0.7605010741243095,0.001996007984031936
OR2AP1,0.7587695884647461,0.001996007984031936
LTBP2,0.7587448537749638,0.001996007984031936
DHTKD1,0.7587448537749635,0.001996007984031936
RP11-847H18.2,0.7587386699765267,0.3652694610778443
OR8B12,0.7587386699765267,0.001996007984031936
MAGEB6P1,0.7587386699765265,0.001996007984031936
ALKBH3-AS1,0.7587386699765265,0.001996007984031936
LENEP,0.7587366086991811,0.2774451097804391
SERPINA3,0.7587366086991806,0.5389221556886228
IL18R1,0.7587366086991806,0.03592814371257485
IGHVIV-44-1,0.7587324861276905,0.001996007984031936
MOB1B,0.75873248612769,0.001996007984031936
ECT2L,0.7587304248335447,0.001996007984031936
RP11-126O1.6,0.7570692623199887,0.6207584830339321
COL17A1,0.7570527355808297,0.001996007984031936
KRTAP9-3,0.7570300107253758,0.001996007984031936
HOXA5,0.757019681020112,0.001996007984031936
RP11-202G11.2,0.7570134831292971,0.08183632734530938
RN7SL832P,0.7570010871954316,0.8622754491017964
CTD-2528A14.5,0.7569866250160349,0.001996007984031936
FAM83H-AS1,0.7569762947187293,0.001996007984031936
CASC2,0.7569700964726773,0.6007984031936128
IGSF11,0.7569700964726771,0.001996007984031936
LINC01537,0.7569700964726769,0.001996007984031936
RP11-431D12.1,0.7569700964726767,0.001996007984031936
CLUAP1,0.7569680303793811,0.001996007984031936
WARS,0.756963898175872,0.001996007984031936
C3AR1,0.756963898175872,0.001996007984031936
RP5-1159O4.1,0.7569638981758711,0.5269461077844312
RP11-16C1.1,0.7552450113377007,0.001996007984031936
TLN2,0.7552098067520335,0.001996007984031936
ACAD9,0.7552077358429463,0.001996007984031936
SRRM1,0.755201523081613,0.001996007984031936
UBA3,0.7552015230816125,0.001996007984031936
MEST,0.7552015230816125,0.001996007984031936
RP11-182N22.8,0.7551953102691685,0.001996007984031936
GREM2,0.7535055989573297,0.001996007984031936
CCDC69,0.7534765401366168,0.4630738522954092
CTC-297N7.1,0.7534640860132363,0.001996007984031936
IGHD2-21,0.753464086013236,0.5688622754491018
LYL1,0.7534599345930302,0.001996007984031936
CTA-14H9.5,0.7534578588743492,0.001996007984031936
WDR64,0.753457858874349,0.001996007984031936
RP11-561O23.8,0.7534495559424418,0.005988023952095809
AC023469.2,0.7534495559424416,0.001996007984031936
UTP15,0.7534329498041284,0.001996007984031936
ARHGEF16,0.7534329498041281,0.001996007984031936
EIF3J-AS1,0.7534329498041279,0.001996007984031936
CDKN3,0.7534329498041277,0.001996007984031936
MYH3,0.7534308740111041,0.003992015968063872
RP11-269F21.3,0.753430874011103,0.001996007984031936
RP11-665C16.5,0.7534267224078979,0.001996007984031936
DMGDH,0.7534267224078973,0.001996007984031936
BICC1,0.7534267224078973,0.001996007984031936
HDAC1,0.7517143111642074,0.001996007984031936
CTC-526N19.1,0.7517080695302111,0.11776447105788423
TP53TG3B,0.7516955861067369,0.001996007984031936
NDST3,0.7516893443172582,0.12375249500998003
C18orf42,0.751670618637833,0.001996007984031936
SLC32A1,0.751670618637833,0.001996007984031936
C9orf163,0.751670618637833,0.001996007984031936
CCRL2,0.751670618637832,0.18163672654690619
CTC-534A2.2,0.7516643766410245,0.001996007984031936
TRAV8-4,0.7516643766410245,0.001996007984031936
RP11-114H23.1,0.751664376641024,0.001996007984031936
RP11-703C10.1,0.7516581345923807,0.001996007984031936
SMNDC1,0.7516560538979805,0.001996007984031936
RP11-535A5.1,0.7516560538979801,0.001996007984031936
RP11-697E22.1,0.7499708807636911,0.001996007984031936
RP11-71E19.1,0.7499229156606311,0.001996007984031936
ZC3H11A,0.7499124880583549,0.001996007984031936
RP11-461M2.2,0.7499124880583541,0.001996007984031936
EXD3,0.7499041458721346,0.19161676646706588
CTD-2252P21.1,0.7499020603110796,0.005988023952095809
CTD-2531D15.4,0.7498958035931118,0.9441117764471058
LRRC4,0.7498958035931116,0.001996007984031936
DCTN3,0.7498937180088555,0.003992015968063872
CRYBA2,0.7498895468229411,0.001996007984031936
GNPAT,0.7481878530434812,0.00998003992015968
CELA3A,0.7481585876791206,0.001996007984031936
RP11-139B1.1,0.7481544068193331,0.001996007984031936
U66059.58,0.7481523163806785,0.003992015968063872
CREBBP,0.7481523163806779,0.001996007984031936
ZNF780B,0.7481439545676472,0.001996007984031936
CTB-60E11.9,0.7481376831465419,0.5668662674650699
AC004556.1,0.7481272306612058,0.001996007984031936
RP11-179A16.2,0.7481188685677894,0.00998003992015968
AGR2,0.7464529478309507,0.001996007984031936
AC010723.1,0.74645294783095,0.001996007984031936
RP3-406A7.7,0.7464089473203145,0.001996007984031936
ZNF521,0.7463900891645683,0.001996007984031936
NAALAD2,0.7463900891645681,0.001996007984031936
IAPP,0.7463900891645677,0.001996007984031936
RAC2,0.7463838030067701,0.001996007984031936
RP1-153P14.5,0.7463670396604726,0.001996007984031936
AC005550.3,0.7463586578461326,0.00998003992015968
RP11-736P16.1,0.7463586578461324,0.001996007984031936
SH3TC1,0.7463586578461322,0.001996007984031936
ATP6AP1L,0.7463586578461319,0.001996007984031936
RP11-77K12.10,0.7463565623778392,0.001996007984031936
MSL1,0.7463523714236038,0.09181636726546906
RET,0.7447350015833528,0.001996007984031936
RP11-804A23.4,0.7446404940638952,0.001996007984031936
RIF1,0.7446404940638952,0.001996007984031936
RP11-313E19.2,0.7446005872874761,0.3992015968063872
HIST2H2AA3,0.7446005872874759,0.001996007984031936
LYZL2,0.7445963864497506,0.001996007984031936
ANP32B,0.7445963864497503,0.001996007984031936
RP11-130C19.3,0.7445900851487239,0.6227544910179641
AJ239322.3,0.7445900851487237,0.001996007984031936
MIR194-2HG,0.7445900851487234,0.5828343313373253
CIB2,0.744587984703198,0.001996007984031936
RP11-20I23.13,0.7445879847031974,0.6347305389221557
FASN,0.7445837837943703,0.001996007984031936
RP11-391J2.3,0.7445837837943695,0.03592814371257485
SSX4,0.7429057255352655,0.001996007984031936
AC006380.3,0.7428720414946667,0.001996007984031936
AQP1,0.7428215125698201,0.005988023952095809
ASB2,0.7428215125698199,0.001996007984031936
MEF2C-AS1,0.7428215125698199,0.04590818363273453
PTPRG,0.7428215125698199,0.001996007984031936
XXbac-BPGBPG55C20.1,0.7428194071233598,0.4550898203592814
RP5-856G1.1,0.7428130907481765,0.00998003992015968
OTUD6B-AS1,0.7428130907481761,0.001996007984031936
AC092687.3,0.7428130907481759,0.001996007984031936
RP11-757G1.6,0.7411711169097625,0.001996007984031936
FHL2,0.7411479050970254,0.001996007984031936
AC008154.4,0.7410529401102693,0.5189620758483033
NFAM1,0.7410529401102689,0.003992015968063872
RP11-642C5.1,0.7410508296390066,0.001996007984031936
RP11-217E13.1,0.7410466086784505,0.001996007984031936
RP11-397C18.2,0.74104660867845,0.001996007984031936
AC016909.1,0.74104660867845,0.003992015968063872
RP11-46H11.12,0.7410466086784497,0.001996007984031936
SYNJ2,0.7410444981891562,0.001996007984031936
C2CD4D,0.7395381862487941,0.017964071856287425
RP11-138E9.2,0.7394091727439517,0.007984031936127744
TGFB2,0.7393351384375026,0.001996007984031936
RP11-14C22.6,0.7393351384375026,0.001996007984031936
RP11-425D10.10,0.7393160998461171,0.001996007984031936
MARCH11,0.7393012917138555,0.001996007984031936
RP11-598C10.1,0.7392907142949278,0.003992015968063872
TM7SF3,0.7392843677709291,0.007984031936127744
TAT-AS1,0.7392843677709291,0.4431137724550898
AC023128.1,0.7392843677709289,0.003992015968063872
TDGF1,0.7392843677709289,0.001996007984031936
LINC01150,0.739282252250822,0.001996007984031936
RP11-328J6.1,0.739282252250822,0.001996007984031936
RP11-248E9.6,0.7392822522508217,0.001996007984031936
CLEC16A,0.7392780211924465,0.1437125748502994
RP11-407N17.5,0.7392759056541788,0.001996007984031936
SLC34A3,0.7392759056541788,0.005988023952095809
P2RX5,0.7392759056541781,0.001996007984031936
AC124944.3,0.7377702224808013,0.41317365269461076
HAO2,0.7376493806319963,0.001996007984031936
CLCN1,0.7375476037184922,0.001996007984031936
TAF7,0.7375476037184916,0.001996007984031936
RP6-91H8.1,0.7375327600784873,0.001996007984031936
PILRA,0.7375327600784871,0.001996007984031936
CDK11B,0.7375263984270315,0.001996007984031936
OR2AK2,0.737524277864352,0.001996007984031936
CTC-503K11.2,0.7375157955526639,0.001996007984031936
MLF1,0.7375157955526633,0.8003992015968064
RP11-357H14.17,0.7375157955526633,0.001996007984031936
KLHL10,0.7375157955526633,0.007984031936127744
HSP90AA1,0.7375136749594984,0.001996007984031936
CPEB3,0.737513674959498,0.003992015968063872
C9orf50,0.737509433754875,0.005988023952095809
RP4-669L17.10,0.7375073131434171,0.001996007984031936
RP11-279F6.2,0.7375073131434166,0.001996007984031936
ACBD3,0.7375073131434166,0.031936127744510975
SPTBN5,0.7358322460454467,0.4291417165668663
EYA1,0.7357642287601612,0.001996007984031936
CIAO1,0.7357578518172897,0.001996007984031936
RP11-37L2.1,0.735753600491336,0.003992015968063872
RP13-49I15.6,0.7357472234563462,0.001996007984031936
CDC6,0.7357472234563462,0.003992015968063872
RP11-589M4.1,0.7357450977657334,0.001996007984031936
RP11-558A11.3,0.7357450977657328,0.005988023952095809
IGKV1D-35,0.7357408463660836,0.001996007984031936
PRDX2,0.735740846366083,0.001996007984031936
AC079779.7,0.7341128802096333,0.001996007984031936
RP11-6B4.1,0.734080923215194,0.007984031936127744
RPTOR,0.7339850438836187,0.001996007984031936
RAB3IL1,0.7339850438836182,0.001996007984031936
RP11-432I5.4,0.7339786514828585,0.001996007984031936
GDF5OS,0.7339786514828582,0.001996007984031936
PCSK6,0.7339786514828582,0.001996007984031936
HLA-DOA,0.7339765206702324,0.6646706586826348
HSF1,0.7339722590264247,0.003992015968063872
AP000769.7,0.7339722590264247,0.001996007984031936
MGP,0.7339701281952404,0.003992015968063872
SMIM11B,0.7323894779822286,0.013972055888223553
BACE1,0.7323125983568586,0.005988023952095809
CTD-2501B8.1,0.7322848342863514,0.001996007984031936
ZNF66,0.732261340789089,0.001996007984031936
BTF3L4,0.732237846538049,0.007984031936127744
RP11-460I13.2,0.7322207593365313,0.001996007984031936
AC004067.5,0.7322207593365311,0.001996007984031936
TMEM86B,0.7322100796330899,0.03792415169660679
SCN8A,0.7322100796330899,0.7445109780439122
NSUN2,0.7322036717362553,0.47305389221556887
LINC00427,0.7305378523105149,0.7524950099800399
CTD-2154I11.2,0.7304843292111797,0.33532934131736525
RP4-715N11.2,0.7304693420405866,0.001996007984031936
SNRNP40,0.7304672009911155,0.001996007984031936
RP11-292E2.1,0.7304479312634591,0.001996007984031936
RING1,0.7304415079079399,0.001996007984031936
RP11-67M9.1,0.7304393667768803,0.0998003992015968
MGAT4B,0.7304329433460464,0.04590818363273453
RP11-523L20.1,0.730430802189882,0.011976047904191617
RP1-171K16.5,0.7287759526109924,0.03992015968063872
SLC22A10,0.7287351770658463,0.001996007984031936
PGLYRP3,0.7287051304673196,0.005988023952095809
RNF125,0.7286986917493071,0.029940119760479042
BATF3,0.7286836678526921,0.001996007984031936
AC034228.3,0.7286729363083155,0.003992015968063872
RP11-535C7.1,0.728672936308315,0.001996007984031936
LRMP,0.728672936308315,0.003992015968063872
GOLGA6D,0.7286707899804736,0.001996007984031936
TAS2R16,0.7286664973058246,0.001996007984031936
TMEM8C,0.7286643509590167,0.001996007984031936
FAM184B,0.7286622046058864,0.7005988023952096
CTD-2134A5.3,0.7271452981397513,0.007984031936127744
SLC16A9,0.7269818163910808,0.00998003992015968
RP11-301J16.7,0.726930182937355,0.001996007984031936
EXO5,0.7269151224891647,0.001996007984031936
RP11-73K9.3,0.7269108194466567,0.027944111776447105
RP11-573D15.8,0.7269108194466565,0.001996007984031936
PDE11A,0.7269108194466565,0.001996007984031936
RP11-115J16.1,0.7269043648351327,0.001996007984031936
RP11-324C10.1,0.726897910166294,0.656686626746507
ACSBG1,0.726897910166294,0.25149700598802394
PUS10,0.7268979101662937,0.017964071856287425
KRT72,0.726895758597277,0.001996007984031936
UNC45B,0.7253492846921252,0.001996007984031936
PRUNE2,0.7252306862272182,0.029940119760479042
AC005754.7,0.7251789280913116,0.027944111776447105
IGF2BP1,0.7251789280913116,0.09580838323353294
FUK,0.7251616745584054,0.001996007984031936
LINC01093,0.7251530476380101,0.001996007984031936
KCNK9,0.7251530476380099,0.003992015968063872
SESTD1,0.7251465773803605,0.001996007984031936
RP13-81N3.2,0.7251465773803605,0.001996007984031936
RP11-405M12.3,0.7251422638431878,0.3872255489021956
PISRT1,0.7251422638431873,0.02594810379241517
PCDHAC1,0.7251357934893172,0.033932135728542916
AC093381.2,0.7251357934893162,0.001996007984031936
MRPS17,0.7251293230777105,0.011976047904191617
TMCO3,0.7234450525120276,0.001996007984031936
TRIM4,0.723442890673975,0.001996007984031936
AC004901.1,0.7234191100290082,0.001996007984031936
SPAG16,0.7234191100290079,0.001996007984031936
FAM199X,0.7233953286022838,0.001996007984031936
CCDC115,0.7233953286022835,0.001996007984031936
CTD-2532N20.1,0.723373708444996,0.021956087824351298
XKR6,0.7233737084449956,0.001996007984031936
SYTL2,0.723373708444995,0.05788423153692615
AC092192.1,0.7233672222718018,0.001996007984031936
LAMB4,0.7233672222718018,0.9481037924151696
ATG2B,0.7233607360404496,0.001996007984031936
RP1-85F18.6,0.7233607360404488,0.001996007984031936
PLEKHG5,0.7233585739504074,0.007984031936127744
RP11-544I20.2,0.7233585739504068,0.003992015968063872
RP11-438J1.1,0.7233585739504066,0.007984031936127744
RXRG,0.7217135124638037,0.001996007984031936
OR51B4,0.7216961760834868,0.4930139720558882
PECAM1,0.721650666103643,0.007984031936127744
AC079742.4,0.7216441644436608,0.04590818363273453
CCDC50,0.7216441644436602,0.001996007984031936
SPDYE4,0.7216246591122444,0.001996007984031936
PGAM4,0.7216159899068242,0.001996007984031936
ARL10,0.7216094879344112,0.001996007984031936
SULT2A1,0.721605153253589,0.21756487025948104
RCOR1,0.7216051532535888,0.001996007984031936
C11orf96,0.7216051532535888,0.013972055888223553
GTF2A2,0.7216051532535885,0.005988023952095809
RPAIN,0.7215986511835324,0.011976047904191617
LINC00398,0.7215986511835322,0.9660678642714571
RP11-673E1.4,0.7215986511835322,0.001996007984031936
CALU,0.721598651183532,0.13972055888223553
RAB11A,0.7215921490548874,0.6686626746506986
RP11-220I1.5,0.7215921490548867,0.0658682634730539
RP11-644L4.1,0.7199778080896323,0.3872255489021956
RP11-145G20.1,0.7199343618645166,0.31137724550898205
SLITRK5,0.7198757053013304,0.007984031936127744
XKR9,0.719847461547725,0.001996007984031936
LA16c-306E5.2,0.7198409436010582,0.001996007984031936
LRRC74B,0.719840943601058,0.001996007984031936
B2M,0.7198365982704918,0.003992015968063872
RP11-298O21.7,0.7198300802254597,0.6966067864271457
CTC-339F2.2,0.7198300802254597,0.021956087824351298
RP11-831F12.2,0.7198300802254595,0.001996007984031936
HAR1B,0.7198300802254592,0.20758483033932135
LL22NC03-N95F10.1,0.7198300802254589,0.03792415169660679
SLC10A7,0.7198279075306662,0.001996007984031936
AC008937.3,0.7198279075306656,0.24550898203592814
RP11-733D4.1,0.7198235621214056,0.001996007984031936
FBXL8,0.7198235621214054,0.001996007984031936
SLC22A18,0.7198213894069379,0.001996007984031936
IRF2BP2,0.7198213894069376,0.001996007984031936
RP11-104O19.4,0.7181834694386303,0.0998003992015968
FAM150B,0.7181137805234329,0.001996007984031936
RP11-890B15.2,0.7181137805234321,0.08982035928143713
TSHZ3,0.7180723995300116,0.001996007984031936
CTC-264K15.6,0.7180680434972436,0.001996007984031936
SPATA31D3,0.718061509398546,0.003992015968063872
DAB2,0.7180615093985457,0.001996007984031936
ZNF649,0.718059331352434,0.03792415169660679
MAP3K7,0.7180593313524333,0.001996007984031936
RP11-246K15.1,0.7180593313524333,0.001996007984031936
RP5-897D18.1,0.7180593313524333,0.007984031936127744
S1PR4,0.718059331352433,0.05389221556886228
SP9,0.7180593313524328,0.06387225548902195
RP11-562F9.2,0.7180549752403885,0.001996007984031936
ANGPTL6,0.7163191392709272,0.003992015968063872
NUDT11,0.7163104058550213,0.001996007984031936
LST1,0.7162994889354001,0.4171656686626746
PLEKHG2,0.7162994889353999,0.001996007984031936
UBE2Q1,0.7162994889353996,0.6047904191616766
STX16,0.7162994889353996,0.001996007984031936
METTL10,0.7162929387037629,0.017964071856287425
RP3-475N16.1,0.7162929387037626,0.06387225548902195
RP11-98F14.11,0.7162907552799063,0.04590818363273453
ZDHHC15,0.7162863884122262,0.001996007984031936
TDRD7,0.7162863884122258,0.007984031936127744
LYSMD2,0.7162842049684026,0.08383233532934131
CBY3,0.7162842049684021,0.001996007984031936
RP11-136K7.3,0.7162842049684018,0.06986027944111776
RP11-1148O4.2,0.7145768980080411,0.6327345309381237
RP5-1042K10.13,0.714570331985979,0.005988023952095809
TM2D1,0.7145571997608501,0.001996007984031936
ATP5L,0.7145528222988407,0.007984031936127744
RP11-153F1.2,0.714541878526492,0.001996007984031936
ABCA3,0.7145309345865286,0.38922155688622756
ZNF212,0.7145309345865286,0.06387225548902195
RP11-80H8.3,0.7145243681420917,0.015968063872255488
CPLX3,0.7145178016373094,0.5209580838323353
EN2,0.7145178016373089,0.033932135728542916
UBE2L3,0.7145156127889714,0.003992015968063872
COPRS,0.7145156127889708,0.1217564870259481
FCGR1A,0.7128194282991145,0.05189620758483034
STX11,0.712788710795056,0.11377245508982035
PHLDA2,0.7127821283005322,0.11776447105788423
CCDC166,0.7127733515466049,0.0499001996007984
HIF1A-AS1,0.7127733515466044,0.14171656686626746
CEACAM18,0.7127667689102359,0.001996007984031936
COL8A1,0.7127667689102349,0.43313373253493015
RP11-349E4.1,0.7127645746846032,0.6986027944111777
CTD-3028N15.1,0.7127645746846032,0.011976047904191617
RP11-214O1.1,0.712762380452216,0.029940119760479042
LINC01298,0.712762380452216,0.08383233532934131
APELA,0.7127557977145235,0.001996007984031936
ELMO1,0.7127557977145235,0.001996007984031936
VPS13C,0.712755797714523,0.05788423153692615
RP11-10J21.3,0.712753603455116,0.06986027944111776
RP11-798K23.4,0.7127536034551154,0.059880239520958084
RP11-156K13.3,0.7127492149160352,0.03592814371257485
RP11-326C3.7,0.7127492149160348,0.10179640718562874
HSPB1,0.7127470206363617,0.005988023952095809
RP11-831H9.3,0.7110576147926113,0.3772455089820359
PGAM1,0.7110202223696013,0.059880239520958084
MKI67,0.7110202223696013,0.1656686626746507
RP11-274J16.5,0.7110202223696013,0.03992015968063872
RBM20,0.7110136235025847,0.001996007984031936
ETV4,0.7110048249179605,0.6526946107784432
RP11-191L17.1,0.7110048249179597,0.005988023952095809
H1FX-AS1,0.7109960262244531,0.36327345309381237
RP11-63C8.1,0.7109960262244528,0.001996007984031936
UBR3,0.7109938265340626,0.001996007984031936
UBD,0.7109938265340618,0.003992015968063872
GCOM1,0.7109872274220591,0.5768463073852296
AC005264.2,0.7109872274220591,0.015968063872255488
CTA-363E6.5,0.7109872274220588,0.10778443113772455
RP11-57H12.3,0.7109872274220588,0.003992015968063872
CCNH,0.7109872274220588,0.14171656686626746
MFSD11,0.7109872274220588,0.03792415169660679
CD6,0.7109872274220583,0.011976047904191617
B4GALT7,0.7109872274220583,0.08782435129740519
RP11-945A11.2,0.7109872274220583,0.021956087824351298
TEX12,0.7109850277044466,0.36926147704590817
PRELID3A,0.7109850277044466,0.3972055888223553
TNFAIP1,0.710985027704446,0.5449101796407185
RP11-570L15.2,0.7109850277044458,0.21756487025948104
MRTO4,0.710980628248804,0.06387225548902195
CDK13,0.7109784285107741,0.001996007984031936
MIA3,0.7109784285107736,0.2315369261477046
DPP10-AS3,0.7109784285107736,0.001996007984031936
RP11-284A20.1,0.7109784285107736,0.05788423153692615
AC006150.1,0.7109784285107733,0.688622754491018
EMILIN2,0.7094832318691314,0.07385229540918163
ATG10-AS1,0.7093068597654603,0.49500998003992014
IGHGP,0.7092627598866699,0.013972055888223553
RP11-386I14.4,0.7092362986431862,0.027944111776447105
GS1-256O22.5,0.7092362986431858,0.001996007984031936
POLG2,0.7092296831780548,0.0998003992015968
VPS26A,0.7092296831780548,0.04590818363273453
TCEB3-AS1,0.709225272833686,0.001996007984031936
RUFY3,0.7092186572657083,0.18163672654690619
ECM2,0.7092186572657083,0.027944111776447105
AGBL1-AS1,0.7092186572657081,0.041916167664670656
RTKN,0.7092186572657078,0.021956087824351298
POLM,0.709216452062669,0.1317365269461078
DGKZ,0.7092120416360203,0.015968063872255488
OR7A10,0.70921204163602,0.029940119760479042
DDB2,0.7092120416360195,0.2714570858283433
RP11-2B6.3,0.7092120416360195,0.249500998003992
RP1-53O8.2,0.7092120416360195,0.007984031936127744
CTD-3051D23.1,0.7092076311819435,0.19161676646706588
KLRF2,0.707635762725327,0.001996007984031936
ITPA,0.7075893484233347,0.001996007984031936
FAM127C,0.7075827175602276,0.20758483033932135
RAI14,0.7074611407223306,0.1217564870259481
CTD-2023N9.3,0.7074611407223302,0.2774451097804391
GABRA3,0.7074567193527193,0.001996007984031936
CTD-2245F17.6,0.7074500872464927,0.469061876247505
C12orf54,0.7074500872464927,0.4870259481037924
AC128709.2,0.7074500872464925,0.007984031936127744
PLA2G2A,0.7074500872464925,0.14171656686626746
PABPC1L2B-AS1,0.7074500872464923,0.2215568862275449
KIAA1919,0.7074500872464923,0.13572854291417166
SPSB1,0.7074500872464923,0.033932135728542916
RP11-101O21.1,0.7074478765306005,0.001996007984031936
RP11-154H12.3,0.7074434550780914,0.001996007984031936
RP11-711C17.1,0.7074434550780911,0.313373253493014
C7orf71,0.7074434550780911,0.015968063872255488
COL19A1,0.7074412443414745,0.500998003992016
CTD-2024D23.1,0.7057347054305411,0.001996007984031936
IGHV4-55,0.7057347054305411,0.021956087824351298
F11R,0.7057081118990788,0.033932135728542916
CD200R1,0.7056992471658922,0.14570858283433133
RP11-1084I9.2,0.7056992471658914,0.027944111776447105
RP11-475E11.9,0.7056925985429239,0.1536926147704591
RP11-35G22.1,0.7056881660928119,0.001996007984031936
TESK2,0.7056881660928117,0.08383233532934131
ADAMTS2,0.705681517365443,0.18562874251497005
BBS7,0.705681517365443,0.03792415169660679
RP11-513G19.1,0.7056815173654428,0.00998003992015968
PRKCA,0.7056815173654428,0.10179640718562874
RP11-320G10.1,0.7056815173654426,0.1317365269461078
FER1L5,0.7056815173654426,0.26746506986027946
RP11-966I7.3,0.7056815173654426,0.2934131736526946
RP11-421P23.1,0.7056748685754309,0.16367265469061876
CTD-2026K11.6,0.7056748685754309,0.001996007984031936
LIG4,0.7056748685754309,0.5528942115768463
FBXO47,0.7056748685754307,0.011976047904191617
PHC3,0.7056748685754307,0.001996007984031936
PLAU,0.7056748685754307,0.001996007984031936
RP11-650L12.2,0.7056726522981726,0.001996007984031936
CT45A1,0.7040462442744747,0.007984031936127744
AL132709.8,0.7040129224778342,0.1596806387225549
BMP5,0.7039729342398948,0.39520958083832336
AC092171.2,0.7039418307065788,0.1217564870259481
GRB2,0.7039396089730396,0.32335329341317365
MAL2,0.7039373872324878,0.001996007984031936
HSD17B4,0.703930721968759,0.07385229540918163
AP001604.3,0.703930721968759,0.07784431137724551
CBLN1,0.70392405664192,0.6047904191616766
RP11-646J21.3,0.7039240566419198,0.041916167664670656
SVOP,0.7039240566419198,0.17764471057884232
SETD7,0.7039240566419196,0.25948103792415167
AC092301.3,0.7039196130556302,0.18163672654690619
CTD-2017F17.1,0.7039129476236011,0.001996007984031936
SERPINF1,0.7039129476236011,0.5489021956087824
RP11-100F15.1,0.7039129476236009,0.03992015968063872
WDR45B,0.7039129476236006,0.281437125748503
ERO1A,0.7039129476236006,0.001996007984031936
RP11-61O1.2,0.7039107257988986,0.031936127744510975
AC112719.2,0.7039107257988984,0.37325349301397204
AC073842.19,0.7039062821284554,0.17365269461077845
WNT5A-AS1,0.7039062821284551,0.6067864271457086
MEIS1,0.7039062821284551,0.17165668662674652
AC062032.1,0.7039062821284551,0.0499001996007984
GPANK1,0.7039062821284551,0.06187624750499002
NR2F1-AS1,0.7039062821284549,0.001996007984031936
FOLR1,0.7039062821284549,0.029940119760479042
LINC01207,0.7039062821284546,0.3473053892215569
ZKSCAN4,0.7039062821284546,0.5329341317365269
ATP5G3,0.7039062821284544,0.09381237524950099
NIN,0.7039040602827134,0.18163672654690619
RP11-95P13.1,0.7039040602827131,0.37924151696606784
CKAP4,0.7039040602827131,0.4411177644710579
FOXI2,0.7039018384299587,0.249500998003992
JHDM1D-AS1,0.7039018384299581,0.9660678642714571
PPCDC,0.7022446046582075,0.017964071856287425
XXbac-BPG246D15.9,0.7021911522325126,0.3013972055888224
NPHP3-AS1,0.7021911522325124,0.12375249500998003
CCDC127,0.7021911522325124,0.06187624750499002
NUBP1,0.7021889249598071,0.015968063872255488
RP11-309H21.2,0.7021889249598066,0.001996007984031936
ELANE,0.7021889249598062,0.001996007984031936
RALB,0.7021777884903074,0.031936127744510975
RP11-753H16.5,0.7021777884903068,0.25349301397205587
MED13,0.7021711065238276,0.041916167664670656
CEP68,0.7021711065238272,0.003992015968063872
WWC3,0.7021621971362741,0.24750499001996007
CCNYL1,0.7021621971362736,0.08782435129740519
PCCB,0.7021532876356726,0.7465069860279441
HOXD1,0.7021532876356726,0.4930139720558882
ABL2,0.702151060242858,0.6866267465069861
RP3-431P23.5,0.7021510602428578,0.249500998003992
RP11-467L13.7,0.7021510602428576,0.05788423153692615
AC006129.2,0.7021510602428573,0.10978043912175649
GPR160,0.7021443780220186,0.530938123752495
RP11-402G3.3,0.7021443780220186,0.6966067864271457
SYT11,0.7021443780220183,0.1157684630738523
MAGEA2B,0.7021443780220183,0.01996007984031936
TMEM110,0.7021443780220183,0.02594810379241517
RP11-338E21.3,0.7021443780220183,0.001996007984031936
TRIM26,0.7021443780220181,0.03592814371257485
RP5-908M14.5,0.7021443780220178,0.27345309381237526
ZCCHC9,0.7021443780220178,0.031936127744510975
CYP4B1,0.70214215060094,0.001996007984031936
OR2Y1,0.70214215060094,0.2055888223552894
QRICH2,0.7021421506009399,0.001996007984031936
NF1,0.7021421506009395,0.001996007984031936
ITLN2,0.7021421506009393,0.08183632734530938
AP000695.6,0.7021376957375846,0.033932135728542916
CARD8-AS1,0.7021376957375846,0.27345309381237526
TCEB2,0.7021376957375844,0.001996007984031936
CXCL2,0.7021376957375844,0.001996007984031936
OR2M2,0.7021376957375841,0.001996007984031936
NCK1,0.7021376957375841,0.001996007984031936
KB-1836B5.4,0.7021376957375839,0.4031936127744511
ACAA1,0.7021376957375839,0.027944111776447105
FOXD1-AS1,0.7021376957375839,0.07584830339321358
RP11-64C1.1,0.7021376957375839,0.1437125748502994
RP4-559A3.7,0.7021354682953074,0.001996007984031936
RP11-475A13.1,0.702135468295307,0.04590818363273453
RP5-984P4.6,0.7021354682953068,0.11177644710578842
CEACAM21,0.7005164760914797,0.001996007984031936
ATF4,0.7004405637907793,0.001996007984031936
AC008074.4,0.7004293995232315,0.03792415169660679
SLC38A10,0.7004227008772862,0.27944111776447106
RP11-231G3.1,0.7004227008772856,0.001996007984031936
STX8,0.7004093033932004,0.8502994011976048
RP13-516M14.2,0.7004093033932002,0.8862275449101796
THBD,0.7004093033932,0.40119760479041916
P2RX3,0.7004093033931996,0.001996007984031936
CCM2L,0.7004026045550548,0.001996007984031936
HSD17B12,0.7003936726711975,0.023952095808383235
MYT1,0.7003847406734333,0.5409181636726547
AP000769.1,0.700382507656194,0.12375249500998003
FGD5-AS1,0.7003825076561937,0.42714570858283435
PUS3,0.7003825076561937,0.16367265469061876
STOML1,0.7003825076561937,0.003992015968063872
RP11-897M7.1,0.7003825076561935,0.007984031936127744
CTD-2026K11.5,0.7003758085617577,0.10978043912175649
NMB,0.7003758085617577,0.6726546906187625
LINC00677,0.7003758085617577,0.0499001996007984
RP11-19D2.1,0.7003758085617577,0.6966067864271457
STK32B,0.7003758085617577,0.15568862275449102
HLA-DMB,0.7003758085617577,0.21357285429141717
PAPLN,0.7003758085617572,0.3193612774451098
RP11-6I2.4,0.7003758085617572,0.08782435129740519
RP11-632B21.1,0.7003758085617572,0.3413173652694611
SLC24A1,0.7003735755160397,0.10179640718562874
MECP2,0.7003735755160392,0.2934131736526946
ZNF177,0.7003735755160392,0.12375249500998003
KIF25,0.7003735755160392,0.3473053892215569
C17orf97,0.7003691094032443,0.499001996007984
TRBJ2-2P,0.7003691094032443,0.05389221556886228
RP11-894J14.5,0.7003691094032443,0.5189620758483033
CH17-118O6.3,0.700369109403244,0.2375249500998004
CTC-498M16.2,0.7003646432619683,0.11776447105788423
PROP1,0.6987482628107644,0.2654690618762475
PSPN,0.6987258800179943,0.017964071856287425
RP11-432I5.6,0.698685589184052,0.0658682634730539
PDE7B,0.6986520117141687,0.043912175648702596
FADS3,0.6986408188655916,0.1596806387225549
RAB10,0.6986408188655914,0.03592814371257485
ZNF589,0.6986341030703711,0.003992015968063872
MTRNR2L5,0.6986341030703711,0.001996007984031936
OR4C12,0.6986251485763203,0.2275449101796407
CTC-248O19.1,0.6986251485763197,0.08183632734530938
RP11-334A14.8,0.6986184326304614,0.001996007984031936
RBM4,0.6986161939674954,0.03992015968063872
PSME4,0.6986139552973553,0.07584830339321358
GAL3ST2,0.6986139552973549,0.023952095808383235
RP11-431J24.2,0.6986139552973547,0.001996007984031936
FILIP1L,0.6986072392438923,0.5169660678642715
LRRC19,0.6986072392438923,0.6786427145708582
RP4-671O14.7,0.6986072392438921,0.001996007984031936
OR10AG1,0.6986072392438921,0.001996007984031936
RP11-260M2.1,0.6986072392438918,0.043912175648702596
RP11-255I10.2,0.6986072392438916,0.25948103792415167
VTA1,0.6986072392438916,0.35728542914171657
LINC00939,0.6986050005450566,0.003992015968063872
RP1-67K17.4,0.6986050005450566,0.001996007984031936
TSN,0.6986005231258644,0.21357285429141717
NDFIP1,0.698600523125864,0.5588822355289421
ZNF182,0.698600523125864,0.564870259481038
ST8SIA5,0.6986005231258634,0.11377245508982035
TAF1A,0.6986005231258632,0.47105788423153694
KLHL18,0.6986005231258632,0.2934131736526946
MAST1,0.698598284405506,0.0998003992015968
AC005355.2,0.698598284405506,0.2654690618762475
P3H1,0.6985982844055054,0.027944111776447105
LRRCC1,0.696865602073461,0.007984031936127744
ZNF14,0.6968566248544608,0.0499001996007984
RP5-1039K5.13,0.6968498918643156,0.2714570858283433
LINC00709,0.6968454031680774,0.20359281437125748
LDHB,0.6968454031680772,0.3013972055888224
RP11-263K4.4,0.6968386700695062,0.001996007984031936
PLEKHD1,0.6968386700695062,0.24151696606786427
CFAP99,0.6968386700695057,0.1317365269461078
USP5,0.6968364256888585,0.4351297405189621
RP11-309L24.4,0.6968364256888582,0.42714570858283435
SPINT2,0.696836425688858,0.07984031936127745
LAIR1,0.696836425688858,0.13572854291417166
C12orf42,0.696836425688858,0.001996007984031936
SLC6A12,0.696831936905877,0.7604790419161677
RP11-475O23.2,0.6968319369058766,0.00998003992015968
RP11-404P21.6,0.6968319369058766,0.5968063872255489
FA2H,0.6968319369058766,0.6766467065868264
RP11-247I13.11,0.6968319369058766,0.2654690618762475
SIN3B,0.6968319369058764,0.7624750499001997
KCNQ1,0.6968319369058762,0.15568862275449102
CYP3A7-CYP3A51P,0.6951780968609476,0.011976047904191617
DLX2,0.6951780968609471,0.11776447105788423
OR14A16,0.6951308507536632,0.13972055888223553
EPN1,0.6951241010476259,0.18962075848303392
VSTM1,0.6951241010476257,0.001996007984031936
SLC6A9,0.695117351276047,0.3073852295409182
RP11-635N19.1,0.6951151013376227,0.16167664670658682
GPR158,0.69510385153626,0.07784431137724551
AC022173.2,0.69510385153626,0.1936127744510978
RP4-635E18.9,0.6951038515362598,0.11177644710578842
RP11-2C24.7,0.695099351564735,0.40119760479041916
AC099684.1,0.6950993515647348,0.08383233532934131
RP11-687D19.1,0.6950971015680478,0.8882235528942116
AUNIP,0.6950881015084662,0.313373253493014
HIST1H2AE,0.6950813513873045,0.04790419161676647
GEM,0.695076851270112,0.3393213572854291
RP11-313P22.1,0.6950701010396949,0.7684630738522954
C7orf55,0.6950701010396949,0.001996007984031936
VPS36,0.6950701010396949,0.5029940119760479
AP000593.7,0.6950701010396949,0.5409181636726547
GJC1,0.6950701010396946,0.059880239520958084
OTUD5,0.6950701010396946,0.4630738522954092
LINC01431,0.6950701010396946,0.20359281437125748
AF127577.11,0.6950701010396946,0.38922155688622756
PTCHD1-AS,0.6950701010396941,0.20359281437125748
CITF22-49D8.1,0.6950678509483209,0.2215568862275449
CDK5R2,0.6950633507437213,0.001996007984031936
ATAD3B,0.695063350743721,0.09181636726546906
TAAR5,0.6950633507437208,0.033932135728542916
NCAM1,0.6950633507437208,0.30538922155688625
LRRTM4,0.6950633507437205,0.27944111776447106
MDC1-AS1,0.6933556699033995,0.0499001996007984
LY9,0.6933353687433411,0.17365269461077845
FBXO11,0.6933286015578924,0.590818363273453
RP11-159D12.5,0.6933128112016418,0.716566866267465
RP11-3B7.1,0.6933082996052303,0.6387225548902196
CDCA3,0.6933082996052301,0.2554890219560878
RP11-451B8.1,0.6933082996052301,0.029940119760479042
CHD2,0.6933082996052297,0.04790419161676647
FBXO18,0.6933015321555647,0.013972055888223553
AC092667.2,0.6933015321555644,0.5129740518962076
LA16c-359F1.1,0.6933015321555644,0.27345309381237526
METTL20,0.6933015321555644,0.6167664670658682
ASIC4,0.6933015321555644,0.2315369261477046
RP11-617D20.2,0.6933015321555644,0.007984031936127744
AD001527.7,0.6933015321555642,0.07984031936127745
HSP90B1,0.6933015321555642,0.007984031936127744
AC020743.4,0.693301532155564,0.11177644710578842
FABP12,0.6932992763243291,0.34930139720558884
CDR1-AS,0.6932947646398401,0.21756487025948104
ZDHHC4,0.6932947646398395,0.11377245508982035
TMEM240,0.6932947646398393,0.32934131736526945
VWA1,0.6932925087865848,0.029940119760479042
TBC1D3G,0.6932925087865848,0.6726546906187625
SRSF9,0.6932925087865845,0.19560878243512975
CCDC12,0.6932925087865843,0.001996007984031936
RP11-182J1.5,0.6932902529259896,0.2634730538922156
RP11-5N11.6,0.6915668865375314,0.05788423153692615
PRMT6,0.6915668865375307,0.10978043912175649
ATP6V1G3,0.6915601020467943,0.16766467065868262
RP11-98D18.3,0.691551055955608,0.45109780439121755
CHCHD1,0.6915510559556073,0.31736526946107785
CWC15,0.691544271309562,0.05588822355289421
ALKBH4,0.6915420097460888,0.18363273453093812
TRDV3,0.6915397481752192,0.0658682634730539
RP11-676J12.7,0.6915397481752188,0.36127744510978044
RP1-317E23.3,0.6915329634182333,0.6107784431137725
EFHD2,0.691532963418233,0.001996007984031936
GTF3C1,0.691532963418233,0.2155688622754491
GOLGA8N,0.691532963418233,0.2634730538922156
AC005609.18,0.691532963418233,0.001996007984031936
RP11-554I8.1,0.6915329634182328,0.001996007984031936
FIBIN,0.6915329634182326,0.05389221556886228
FAM105A,0.6915329634182326,0.37524950099800397
OR2A1,0.6915329634182323,0.21157684630738524
DPCR1,0.6915307018177786,0.46506986027944114
FAM53B-AS1,0.6915307018177784,0.6926147704590818
CTD-3253I12.1,0.6915307018177779,0.059880239520958084
IGHV3-52,0.6915307018177776,0.1277445109780439
NEUROD4,0.6915307018177776,0.2994011976047904
CUZD1,0.6915261785946798,0.7145708582834331
OR56B1,0.6915261785946798,0.29141716566866266
TMEM218,0.6915261785946798,0.3093812375249501
KCNAB1-AS2,0.6915261785946792,0.4171656686626746
XXbac-BPG181M17.6,0.6915261785946792,0.4291417165668663
RP11-834C11.8,0.6915239169720349,0.17365269461077845
XDH,0.6897916030385923,0.3972055888223553
CTC-281M20.4,0.6897916030385917,0.005988023952095809
ZNF827,0.6897916030385917,0.001996007984031936
GSG1L2,0.6897825337545844,0.5708582834331337
PARP14,0.6897825337545844,0.3972055888223553
RP11-114H23.2,0.6897757317133236,0.2634730538922156
MTG1,0.6897757317133236,0.027944111776447105
SSX5,0.6897711969818858,0.059880239520958084
RP11-546J1.1,0.6897711969818858,0.001996007984031936
CUL3,0.6897643948288296,0.3153692614770459
RP11-354E11.2,0.6897643948288296,0.19760479041916168
RP1-231P7P.1,0.6897643948288293,0.10778443113772455
RP11-67H24.2,0.6897643948288288,0.3932135728542914
RP6-24A23.6,0.6897643948288288,0.16966067864271456
LCOR,0.6897643948288288,0.4291417165668663
CCDC120,0.6897643948288288,0.45708582834331335
EMP2,0.6897643948288286,0.11776447105788423
CTD-2066L21.3,0.6897621274295705,0.001996007984031936
AC002398.9,0.6897621274295702,0.9341317365269461
RP1-40E16.9,0.68976212742957,0.16766467065868262
NPDC1,0.6897575926086926,0.06786427145708583
RP11-475B2.1,0.6897575926086926,0.6307385229540918
JAKMIP2-AS1,0.6897575926086926,0.7704590818363274
HCCAT5,0.6897575926086921,0.001996007984031936
TRIM38,0.6897575926086921,0.021956087824351298
MNX1-AS1,0.6897575926086921,0.001996007984031936
AP001626.1,0.6897575926086921,0.23552894211576847
RP4-749H3.2,0.6897575926086918,0.18562874251497005
HEATR1,0.6897575926086918,0.18962075848303392
AL645922.1,0.6897553251870732,0.45708582834331335
ATIC,0.6897553251870729,0.03792415169660679
AC006160.5,0.6880685657151028,0.3532934131736527
C18orf21,0.6880412893687916,0.06986027944111776
IGLVI-20,0.688014011941109,0.5409181636726547
IGKV1D-16,0.688014011941109,0.24151696606786427
XX-FW83128A1.2,0.6880071924152091,0.8423153692614771
TRAV26-2,0.6880071924152088,0.21157684630738524
SSPO,0.6880071924152086,0.09181636726546906
NBPF26,0.6880026460270554,0.0718562874251497
RP4-604G5.1,0.6880026460270554,0.18762475049900199
HIPK1-AS1,0.6880026460270552,0.3313373253493014
AC010890.1,0.6879958263884949,0.716566866267465
FOXI3,0.6879958263884947,0.34930139720558884
LINC01258,0.6879958263884947,0.7385229540918163
CTD-3252C9.2,0.6879958263884947,0.003992015968063872
FBXL7,0.6879958263884947,0.001996007984031936
SPANXN1,0.6879958263884944,0.7944111776447106
SUPT6H,0.6879958263884944,0.18363273453093812
PIK3R6,0.6879958263884941,0.5548902195608783
TMEM173,0.6879958263884941,0.19760479041916168
TOLLIP,0.6879890066823345,0.6047904191616766
FBXL19,0.6879890066823345,0.6826347305389222
ZNF626,0.6879890066823345,0.37325349301397204
C14orf80,0.6879890066823345,0.3193612774451098
ZNF506,0.687989006682334,0.5489021956087824
FAM177A1,0.6879867334319254,0.35728542914171657
ADAT2,0.6879867334319252,0.17365269461077845
MEFV,0.6863070213590385,0.4291417165668663
FRK,0.6862728382396494,0.0658682634730539
CDK5R1,0.686261443488146,0.003992015968063872
ANKRD6,0.686254606546427,0.0998003992015968
RP11-342D11.3,0.6862523275507177,0.011976047904191617
RP11-357K6.1,0.6862386534175215,0.6806387225548902
RP11-15M15.2,0.6862340953125722,0.2994011976047904
C15orf65,0.6862340953125722,0.001996007984031936
RP11-65J3.3,0.686234095312572,0.08982035928143713
AC004051.2,0.6862272580983813,0.592814371257485
ISYNA1,0.6862272580983808,0.17764471057884232
RP11-282O18.7,0.6862272580983808,0.7924151696606786
PANO1,0.6862272580983808,0.003992015968063872
RBP1,0.6862272580983808,0.05588822355289421
RP11-293N14.1,0.6862249790118461,0.872255489021956
CTD-2083E4.6,0.6862249790118451,0.26746506986027946
CRYGD,0.6862204208160673,0.8702594810379242
ISY1,0.6862204208160669,0.21357285429141717
RP1-140K8.1,0.6862204208160667,0.16966067864271456
EBP,0.6862204208160667,0.469061876247505
RP3-513G18.2,0.6862204208160665,0.22954091816367264
TAAR9,0.6845409439969188,0.08183632734530938
GNE,0.6845409439969188,0.8323353293413174
SCN1B,0.6845409439969182,0.8403193612774451
ARID5A,0.6845386592960095,0.1217564870259481
ABHD14A,0.68452495093042,0.36726546906187624
VASP,0.68452495093042,0.15169660678642716
RP11-981G7.3,0.6844929636763966,0.2315369261477046
RPS7,0.6844883939466531,0.46706586826347307
RP11-360D2.1,0.6844838241864014,0.5369261477045908
PPP4R3B,0.684476969488819,0.3273453093812375
UNC5B,0.684476969488819,0.9001996007984032
CTB-129P6.4,0.6844769694888186,0.43313373253493015
ANKRD20A4,0.6844678297852584,0.031936127744510975
FAM163B,0.6844655448402991,0.5129740518962076
CTD-3149D2.4,0.6844655448402991,0.34331337325349304
CTD-2349P21.9,0.6844655448402988,0.1317365269461078
PIK3C2G,0.6844655448402985,0.001996007984031936
HIST1H2AK,0.6844586899596535,0.592814371257485
ARAP1-AS2,0.6844586899596535,0.001996007984031936
ALDH16A1,0.6844586899596535,0.001996007984031936
ANKFN1,0.6844586899596532,0.12974051896207583
AF003625.3,0.6844518350103556,0.001996007984031936
PTCH1,0.6844518350103553,0.027944111776447105
EBLN1,0.6844518350103553,0.6826347305389222
RP11-426C22.5,0.6844518350103553,0.033932135728542916
IQCB1,0.6844518350103551,0.09181636726546906
RP11-774O3.2,0.6844518350103548,0.2954091816367265
LINC01360,0.6844518350103548,0.001996007984031936
CTD-2012K14.3,0.6844495500119993,0.001996007984031936
CTD-2349P21.11,0.6844495500119989,0.2994011976047904
AC016577.1,0.6844495500119989,0.16766467065868262
IFT74-AS1,0.6827725890712689,0.001996007984031936
CARD11,0.6827634265522926,0.5229540918163673
LCN8,0.6827451011454536,0.9540918163672655
DMRTC1,0.6827451011454528,0.21157684630738524
FAM109B,0.6827359382575797,0.36127744510978044
RP11-770G2.5,0.6827244844748045,0.21756487025948104
RP11-701H24.3,0.6827153213102298,0.3872255489021956
SHANK3,0.6827084488560905,0.4171656686626746
PTCH2,0.6827084488560897,0.16966067864271456
PPOX,0.6827015763327684,0.05788423153692615
RP11-573J24.1,0.6827015763327678,0.16367265469061876
EXOSC7,0.6827015763327678,0.007984031936127744
TIMM13,0.682696994612118,0.043912175648702596
FSHB,0.682696994612118,0.2714570858283433
LRRN2,0.6826969946121177,0.07984031936127745
ACSM2A,0.6826969946121177,0.4431137724550898
AC096574.5,0.6826969946121177,0.6047904191616766
CD3G,0.6826901219734884,0.17764471057884232
TRPC1,0.6826901219734882,0.6167664670658682
RP11-42I10.1,0.6826901219734882,0.6467065868263473
RPS10,0.6826901219734882,0.6846307385229541
RP11-280K24.1,0.682690121973488,0.013972055888223553
NETO1,0.6826901219734878,0.1217564870259481
CTD-3187F8.2,0.6826901219734878,0.4870259481037924
TRAJ44,0.68268783107857,0.01996007984031936
LMAN1L,0.68268783107857,0.6906187624750499
OR4F29,0.68268783107857,0.782435129740519
ALKBH7,0.6826832492656707,0.6407185628742516
CSTF1,0.6826832492656707,0.04790419161676647
C10orf142,0.6826832492656703,0.5489021956087824
TRBV6-4,0.6826832492656703,0.2954091816367265
RP11-763B22.6,0.6826809583476895,0.6666666666666666
PTGFR,0.6826809583476895,0.005988023952095809
CGA,0.6826809583476895,0.8143712574850299
RP11-856M7.4,0.6826809583476893,0.7604790419161677
C5orf38,0.6826809583476893,0.40119760479041916
CTB-55O6.13,0.6826786674220202,0.15568862275449102
RP11-779P15.1,0.6810317935968724,0.4491017964071856
RP11-119D18.1,0.6810249041536807,0.06986027944111776
ELAVL2,0.6809674894164756,0.9800399201596807
TMEM17,0.6809560058881239,0.001996007984031936
STX6,0.6809399286230821,0.9141716566866267
NEURL1,0.6809399286230821,0.015968063872255488
NDUFB2-AS1,0.6809399286230818,0.1437125748502994
IGKV2-38,0.6809330382504334,0.2874251497005988
TRBV28,0.680933038250433,0.9021956087824351
RHOBTB2,0.6809330382504326,0.3912175648702595
MTSS1L,0.6809307414440554,0.499001996007984
IGFN1,0.6809307414440554,0.4291417165668663
LINC00684,0.6809284446299317,0.04790419161676647
RP11-180C16.1,0.6809284446299312,0.001996007984031936
DYX1C1,0.680921554141074,0.998003992015968
IRAK1BP1,0.680921554141074,0.6706586826347305
ACYP2,0.680921554141074,0.6766467065868264
RP11-446J8.1,0.6809215541410738,0.9201596806387226
FGF18,0.6809215541410738,0.003992015968063872
RP11-171N4.4,0.6809192572959598,0.003992015968063872
TRNP1,0.6809146635824878,0.08582834331337326
CTD-2192J16.26,0.6809123667141307,0.023952095808383235
TMEM248,0.6809123667141301,0.26147704590818366
RP11-555G19.1,0.679298048782368,0.5389221556886228
RPL39L,0.6792980487823677,0.23552894211576847
PLPP1,0.6792980487823677,0.6427145708582834
RCHY1,0.6792197650300322,0.1936127744510978
RP11-881L2.1,0.6792013440123181,0.16966067864271456
MCRS1,0.6791806197701847,0.22954091816367264
LHX6,0.6791806197701844,0.013972055888223553
RP11-217C7.1,0.6791714087929172,0.013972055888223553
PCDHA3,0.6791645004779866,0.001996007984031936
RP11-44I10.3,0.6791621976907282,0.06387225548902195
RPA2,0.6791621976907274,0.001996007984031936
KIF6,0.6791598948956602,0.1996007984031936
TRMT112,0.6791529864636121,0.5748502994011976
WDYHV1,0.6791529864636119,0.033932135728542916
PRAMEF1,0.6791529864636113,0.28542914171656686
ATP9B,0.6791529864636113,0.47704590818363274
TRBV17,0.679152986463611,0.1996007984031936
RP11-136I14.2,0.6791506836373127,0.6666666666666666
ABLIM3,0.6791506836373125,0.37325349301397204
RP11-554D20.1,0.6791506836373119,0.5149700598802395
CYP39A1,0.6791506836373119,0.6606786427145709
RP4-583P15.16,0.6791460779612886,0.27345309381237526
FANCD2OS,0.6791460779612882,0.01996007984031936
RP11-519M16.1,0.6791460779612882,0.003992015968063872
CSN3,0.679146077961288,0.6766467065868264
OR5AU1,0.679146077961288,0.4231536926147705
RRS1-AS1,0.679146077961288,0.5329341317365269
AQP4-AS1,0.6791437751115641,0.7644710578842315
IGLV3-32,0.6791414722540307,0.40119760479041916
EHF,0.6775806414782068,0.7425149700598802
IGHV1-2,0.6774305940641451,0.21157684630738524
KIAA0907,0.677412124393111,0.26147704590818366
KIR3DL3,0.6774028893687506,0.1497005988023952
RP11-478P10.1,0.6774028893687506,0.6047904191616766
BEND3,0.6774028893687498,0.18762475049900199
FOSB,0.6773959630178567,0.8163672654690619
IFI6,0.6773913454112483,0.6986027944111777
RPL3,0.6773913454112478,0.3592814371257485
GS1-519E5.1,0.677384418942315,0.5489021956087824
RP11-329B9.5,0.6773821101035993,0.6506986027944112
RP11-454C18.1,0.6773821101035993,0.43912175648702595
AC009411.2,0.6773821101035989,0.001996007984031936
TXNL4B,0.6773774924025572,0.03592814371257485
C11orf63,0.6773774924025572,0.7065868263473054
RP11-664H17.1,0.6773774924025566,0.3932135728542914
SUSD5,0.6773751835402312,0.4111776447105788
RP11-503D12.1,0.6757616731963357,0.36127744510978044
LINC01317,0.6756968674735118,0.001996007984031936
PCDHGC4,0.6756436295511057,0.25349301397205587
RPL34,0.6756274258724942,0.4491017964071856
CTB-12O2.1,0.6756227961786551,0.34930139720558884
RP5-907D15.3,0.6756227961786551,0.17165668662674652
LINC00315,0.6756158515784118,0.021956087824351298
AP006547.3,0.6756158515784118,0.6786427145708582
OSBPL1A,0.6756158515784115,0.5209580838323353
IGHV1-67,0.6756158515784113,0.2275449101796407
RP11-210G22.1,0.6756089069067844,0.3413173652694611
ACTL9,0.6756089069067842,0.590818363273453
RP11-326C3.13,0.6756089069067842,0.5788423153692615
CRISPLD2,0.6756065920003786,0.8522954091816367
RP11-349P19.1,0.6756065920003783,0.01996007984031936
KRT17,0.6739586809685968,0.029940119760479042
PRKG1-AS1,0.6738820977873398,0.4291417165668663
RP11-70C1.1,0.6738472843731396,0.001996007984031936
RP11-1C8.6,0.6738472843731396,0.01996007984031936
MPP7,0.6738472843731391,0.03792415169660679
LIG3,0.6738472843731391,0.48902195608782434
TCEAL6,0.6738449634149095,0.7664670658682635
RP5-1177M21.1,0.6738449634149092,0.06786427145708583
TPCN2,0.6738449634149092,0.003992015968063872
TRADD,0.6738403214744663,0.011976047904191617
ITIH6,0.6738403214744658,0.001996007984031936
RACGAP1,0.6738380004922538,0.9021956087824351
ELK1,0.6738380004922533,0.005988023952095809
FBXO36,0.6721904070133643,0.5289421157684631
AC004535.2,0.6721531791802865,0.10578842315369262
PTAR1,0.6721461987320344,0.001996007984031936
RP11-408H1.3,0.6721345644905147,0.24550898203592814
PRR16,0.6721136223482802,0.6586826347305389
LINC01618,0.6720973335642896,0.7664670658682635
COX7A1,0.6720880255104763,0.5848303393213573
RP11-21B23.2,0.6720856984768807,0.48303393213572854
FLJ31104,0.6720856984768807,0.5269461077844312
AC108938.5,0.6720787173277513,0.8662674650698603
ADIPOR2,0.6720787173277509,0.688622754491018
RP11-956E11.1,0.6720763902619262,0.043912175648702596
USP12-AS1,0.6720717361061039,0.007984031936127744
MAP3K9,0.6720717361061037,0.007984031936127744
AC007652.1,0.6720717361061037,0.21157684630738524
LANCL2,0.6720717361061037,0.017964071856287425
RP11-571I18.5,0.6720694090161065,0.001996007984031936
CCL24,0.6720670819180505,0.5808383233532934
CLDN22,0.670506110733071,0.031936127744510975
AC005863.1,0.6704198019495444,0.021956087824351298
ANKMY2,0.6703568128511005,0.01996007984031936
IPO7,0.6703451475537175,0.39520958083832336
AC000035.3,0.6703288157963344,0.001996007984031936
TMEM205,0.6703101504435123,0.7325349301397206
PELO,0.670310150443512,0.38922155688622756
FBXO30,0.6703101504435116,0.5409181636726547
FOXA2,0.6703078172378639,0.844311377245509
SAMD12-AS1,0.6703078172378639,0.38323353293413176
GRPEL1,0.6703078172378635,0.12974051896207583
KRTAP5-9,0.6703031508022036,0.22355289421157684
TRDMT1,0.6703031508022029,0.05389221556886228
FBXO10,0.6703031508022026,0.30538922155688625
ATP5E,0.6687380622545015,0.16966067864271456
AMER3,0.6686819314217833,0.2155688622754491
AFF2,0.6686094221218613,0.029940119760479042
HNRNPLL,0.6685977263370401,0.37524950099800397
SRRM4,0.6685977263370393,0.499001996007984
CCDC13-AS1,0.6685977263370393,0.5269461077844312
AGO3,0.6685883695618717,0.08383233532934131
TTLL9,0.6685766734087665,0.005988023952095809
AC009955.8,0.6685766734087659,0.00998003992015968
FXYD2,0.6685766734087659,0.003992015968063872
METTL17,0.6685766734087657,0.49101796407185627
FKBP5,0.6685719948902318,0.10578842315369262
SNX16,0.668569655618687,0.2754491017964072
RBM26,0.6685602984506586,0.04790419161676647
TTTY5,0.6685486018064528,0.7764471057884231
AL365181.2,0.6685486018064527,0.37325349301397204
CTD-3065B20.2,0.6685486018064521,0.04590818363273453
RP11-719J20.1,0.6685486018064521,0.001996007984031936
VN1R1,0.6685415837217014,0.469061876247505
RP4-777L9.3,0.6685415837217014,0.4530938123752495
NHSL1,0.6685415837217007,0.16766467065868262
RP11-692D12.1,0.6685415837217007,0.003992015968063872
CTD-2586B10.1,0.6685392443437456,0.007984031936127744
CACTIN-AS1,0.6685392443437452,0.001996007984031936
RP11-235E17.2,0.6685345655632762,0.027944111776447105
STAU2,0.6685345655632754,0.005988023952095809
NCOR1,0.6668785598601142,0.10778443113772455
RP11-182J23.1,0.6667800538631221,0.7425149700598802
FRG2B,0.6667800538631221,0.6646706586826348
IGFL1,0.6667800538631221,0.02594810379241517
EFHD1,0.6667800538631218,0.09580838323353294
RP11-53O19.3,0.6667730171636114,0.5229540918163673
RHAG,0.6667730171636114,0.7764471057884231
RP11-317N8.3,0.6667730171636114,0.001996007984031936
PRIMA1,0.6667730171636114,0.09580838323353294
RP11-400N13.2,0.6667730171636111,0.029940119760479042
TTLL2,0.6667730171636111,0.17564870259481039
BET1,0.666765980389839,0.09580838323353294
RP11-429J17.2,0.6667636347820787,0.09381237524950099
RP11-91K8.5,0.6667636347820781,0.001996007984031936
RP11-347J14.8,0.6650985167937175,0.013972055888223553
RP11-398J5.1,0.6650538370916557,0.08782435129740519
DKFZP434A062,0.6650232650396167,0.8423153692614771
DBX2,0.665023265039616,0.6387225548902196
AC096554.1,0.6650115061838262,0.6207584830339321
RP11-563D10.1,0.6650044507705486,0.36327345309381237
FBXO16,0.6650044507705486,0.25149700598802394
KIF2B,0.6650044507705486,0.7964071856287425
ADAMDEC1,0.6650044507705479,0.021956087824351298
LINC00886,0.6649973952824152,0.1377245508982036
LINC01448,0.664995043436402,0.001996007984031936
RP4-799D16.1,0.6649926915820713,0.562874251497006
RP11-49I11.1,0.6632854025473023,0.02594810379241517
MEDAG,0.663264180998499,0.8522954091816367
PHOX2B,0.6632476748799883,0.001996007984031936
COMTD1,0.6632429587706773,0.5728542914171657
RP11-476H24.1,0.6632429587706771,0.47704590818363274
PRTN3,0.6632358845438329,0.6586826347305389
UQCRB,0.6632335264514501,0.8003992015968064
MEOX1,0.6632335264514495,0.5489021956087824
RP11-101E13.5,0.6632288102415319,0.4750499001996008
HKDC1,0.6632288102415319,0.14171656686626746
CREG1,0.6632288102415317,0.19560878243512975
ZHX1,0.6615027834292777,0.13972055888223553
ACSS3,0.6614791403442294,0.001996007984031936
GS1-393G12.12,0.6614791403442292,0.027944111776447105
PAN3,0.6614673184847988,0.48902195608782434
ENPP3,0.6614673184847988,0.09780439121756487
ATXN2L,0.6614673184847986,0.5768463073852296
AC006130.3,0.6614673184847986,0.405189620758483
AC092384.1,0.6614649540875587,0.041916167664670656
ZXDC,0.6614649540875585,0.015968063872255488
LCN12,0.6614649540875581,0.021956087824351298
RP4-564F22.6,0.6614578608451288,0.7984031936127745
DDX18,0.6614578608451288,0.003992015968063872
C11orf49,0.6598101675736673,0.027944111776447105
GNAT1,0.6597675002302983,0.001996007984031936
CTD-2081C10.1,0.6597272007611151,0.16367265469061876
TRPC3,0.6597177181753127,0.7305389221556886
AC058791.1,0.6597177181753121,0.28542914171656686
ATP2B4,0.6596987525947946,0.001996007984031936
RP11-710F7.2,0.6596987525947946,0.4231536926147705
RP11-314A20.2,0.6596987525947942,0.001996007984031936
KCNA4,0.6596987525947942,0.7025948103792415
RP11-16E18.3,0.6596916403615298,0.3093812375249501
HNF4A-AS1,0.6596916403615298,0.2435129740518962
CTB-187M2.1,0.6596916403615298,0.09780439121756487
CHL1-AS1,0.6596916403615293,0.0718562874251497
CDC42EP5,0.6580632912545755,0.1536926147704591
AC016722.4,0.6579658424742316,0.1317365269461078
EPB41,0.657949203435134,0.001996007984031936
SPAG8,0.6579373181495762,0.07385229540918163
KCNA5,0.6579206783890875,0.16167664670658682
SCUBE3,0.6561902228408295,0.001996007984031936
RP11-130L8.1,0.6561806891415213,0.07784431137724551
FAM131B,0.6561616213273441,0.9101796407185628
CPO,0.6561592378116111,0.001996007984031936
PRODH2,0.6561592378116109,0.8383233532934131
SPAG7,0.6561544707541712,0.17964071856287425
SYT3,0.6561544707541708,0.005988023952095809
EIF2AK2,0.6544289042671353,0.9700598802395209
RP11-531A24.7,0.6544217347613395,0.9600798403193613
AC129492.6,0.6543930559526677,0.0718562874251497
MORC4,0.6543834960704729,0.45708582834331335
RP5-952N6.1,0.6526340764009322,0.13373253493013973
RP11-174J11.1,0.6526316800020394,0.001996007984031936
TRDV1,0.652631680002039,0.09381237524950099
TP53INP2,0.6526244907525626,0.40718562874251496
RP11-663P9.1,0.6526173014238894,0.001996007984031936
RP11-989E6.3,0.6526149049633981,0.001996007984031936
EPHX3,0.6509688541814458,0.021956087824351298
CT47A7,0.650891968852784,0.9101796407185628
CCDC71L,0.6508847603875898,0.249500998003992
ARHGAP28,0.6508751489764788,0.06786427145708583
RP11-838N2.3,0.6508631345129967,0.5708582834331337
IGLV2-33,0.6508559257284527,0.001996007984031936
AC005592.3,0.6508535227825283,0.021956087824351298
LINC01526,0.6508535227825281,0.03792415169660679
MSH5,0.6508463138915243,0.001996007984031936
LINC01140,0.6491572322954411,0.08383233532934131
RP11-542B15.1,0.6491066365057292,0.08183632734530938
ZNF75D,0.6490994082138261,0.003992015968063872
KIRREL3,0.6490945893078384,0.27345309381237526
SMYD4,0.6490801323752146,0.13373253493013973
MROH1,0.6490801323752142,0.0499001996007984
RP5-936J12.1,0.6490777228551384,0.780439121756487
MYO3B,0.6473961058958997,0.29141716566866266
HMGXB3,0.647369531734094,0.00998003992015968
FAM81B,0.6473477884266643,0.005988023952095809
RP11-304F15.4,0.6473308764604038,0.4530938123752495
RP11-1008C21.1,0.6473260443888892,0.07984031936127745
TULP3,0.6473187962139856,0.013972055888223553
RP11-797A18.3,0.6473163801376497,0.15568862275449102
RESP18,0.647316380137649,0.2934131736526946
YIPF6,0.6473115479579227,0.8542914171656687
CSN2,0.6473115479579221,0.013972055888223553
RP11-702B10.1,0.6473091318545314,0.06387225548902195
STK33,0.6455502317265546,0.41916167664670656
CDKN2D,0.6455502317265542,0.29141716566866266
HYAL2,0.6455429636127757,0.2055888223552894
ZNHIT2,0.6455429636127755,0.043912175648702596
HMGCL,0.6455405408899979,0.00998003992015968
OTOG,0.6455381181581281,0.0998003992015968
TMEM196,0.6455381181581279,0.06387225548902195
IGHV1OR21-1,0.6437938140386175,0.02594810379241517
FREM3,0.6437889554190585,0.04790419161676647
FGF13-AS1,0.6437816674209667,0.35528942115768464
GTSE1,0.6437816674209663,0.12974051896207583
KRTAP4-4,0.6437816674209663,0.11377245508982035
RP11-351J23.2,0.6437816674209663,0.14570858283433133
ABCA4,0.6420325913118222,0.18762475049900199
MOG,0.642020411372958,0.06187624750499002
RP4-669L17.2,0.642020411372958,0.05389221556886228
SP2,0.6420131032987251,0.00998003992015968
AL138706.2,0.6420106672554943,0.19161676646706588
MYNN,0.6420057951413038,0.013972055888223553
DYRK4,0.6403813197441183,0.033932135728542916
BMP15,0.640381319744118,0.05588822355289421
RP5-940F7.2,0.6403031631032033,0.10379241516966067
HLA-DQB2,0.6402445393613508,0.10778443113772455
PEX14,0.6402445393613508,0.05189620758483034
NDN,0.6385421096073506,0.05588822355289421
SPAG11A,0.6385053693435898,0.11976047904191617
STX7,0.6385029199175049,0.08782435129740519
FANCL,0.6384833241705434,0.003992015968063872
UBE3C,0.6384833241705431,0.2754491017964072
SHISA5,0.6384759756103786,0.45109780439121755
HOXA-AS2,0.6384735260715284,0.041916167664670656
NRAV,0.6367589930591845,0.1596806387225549
IDH2,0.636700042990267,0.011976047904191617
LRRC72,0.6366975866189482,0.8263473053892215
LINC01605,0.6350250541236913,0.1277445109780439
IFITM3,0.634988110363954,0.04790419161676647
CCDC60,0.6349757952997217,0.0499001996007984
CADM3,0.6349708692071523,0.12375249500998003
KRT1,0.6349684061465358,0.001996007984031936
RP11-263K4.5,0.6349388486738727,0.22355289421157684
LINC01099,0.6349363854890416,0.05389221556886228
SZT2-AS1,0.6349363854890414,0.003992015968063872
RP11-34C15.2,0.6349314590907119,0.05788423153692615
TRGV2,0.634928995877213,0.14171656686626746
ZNF235,0.6333085937555042,0.17564870259481039
TBC1D15,0.6332073353101614,0.32934131736526945
MYO16,0.6331999255198578,0.015968063872255488
LILRB5,0.6331678154265027,0.00998003992015968
NUTM2A-AS1,0.6331628752676062,0.06786427145708583
SECTM1,0.6331628752676056,0.08383233532934131
GRM2,0.6331604051737032,0.09181636726546906
RP11-410N8.3,0.6315577528899341,0.12375249500998003
WDFY3-AS1,0.6314314455483371,0.18762475049900199
ZBED3,0.6314215380216348,0.03592814371257485
AC092168.3,0.6314141072745874,0.01996007984031936
AP001057.1,0.63140915339464,0.05189620758483034
TRAV1-2,0.631401722501843,0.017964071856287425
TIMM23,0.6314017225018427,0.49700598802395207
WIPI1,0.6313918145087389,0.001996007984031936
PRSS33,0.6296828364742956,0.001996007984031936
RP11-7K24.3,0.6296530308839502,0.17964071856287425
ASL,0.6296430953736317,0.2994011976047904
EFCAB9,0.6296406114715551,0.06786427145708583
PHF20,0.6296306757652598,0.10778443113772455
PDHA2,0.6296306757652593,0.33532934131736525
RP11-439E19.9,0.6279368300120695,0.017964071856287425
RP11-152P17.3,0.6278621061691683,0.003992015968063872
ZNF664,0.6278571242634389,0.005988023952095809
CTD-2192J16.22,0.6262958403718816,0.06786427145708583
EXT1,0.6262084332373901,0.1596806387225549
LINC00426,0.6261035285687462,0.023952095808383235
RNMTL1,0.6261035285687458,0.3013972055888224
ZP3,0.6244151429391419,0.03592814371257485
TTC37,0.6244001145957808,0.00998003992015968
NFS1,0.624360037245016,0.09780439121756487
EDN2,0.624347512545319,0.3473053892215569
C7orf57,0.6243349875943651,0.24550898203592814
RP11-775D22.2,0.6243274725031845,0.003992015968063872
RP11-334N17.1,0.6243274725031838,0.2894211576846307
MRPL20,0.6243249674526885,0.02594810379241517
LCE1D,0.6243199573215422,0.45708582834331335
RP11-225H22.4,0.6243199573215419,0.1437125748502994
THAP7,0.6226493417584033,0.1377245508982036
OR2T10,0.622619199465615,0.1936127744510978
DCAKD,0.622611663664408,0.029940119760479042
RP1-63M2.5,0.6225790074718046,0.2754491017964072
RP11-91I20.3,0.6225664469416156,0.2435129740518962
RP11-449P15.1,0.6225589105018621,0.033932135728542916
MAPK7,0.6225589105018621,0.05189620758483034
NEURL1B,0.6225513739708733,0.02594810379241517
AC024361.1,0.62082309898193,0.13572854291417166
PCGEM1,0.6208029451687664,0.001996007984031936
HHLA3,0.6207878293795149,0.06986027944111776
RP11-568A7.2,0.6207827907013063,0.19161676646706588
ZNF347,0.6207802713468651,0.001996007984031936
RP11-69C17.2,0.6193375211406259,0.16367265469061876
ZNF593,0.6191354699090387,0.08582834331337326
ZBTB7B,0.6190723153752988,0.017964071856287425
RP5-998N21.7,0.6190419989105457,0.2275449101796407
SFTA3,0.6190217871091864,0.013972055888223553
GLIS2,0.617260826940791,0.05788423153692615
C7orf50,0.6172532257213291,0.4590818363273453
OR5D18,0.6172506919607078,0.25349301397205587
RP4-569M23.5,0.6172506919607075,0.005988023952095809
RP11-930P14.2,0.6172456244082609,0.1157684630738523
IGKV4-1,0.6172456244082607,0.2894211576846307
SLC26A11,0.6172430906164363,0.011976047904191617
MKNK2,0.6154973695904971,0.2554890219560878
CTA-292E10.6,0.6154973695904968,0.001996007984031936
SLC30A3,0.6154922876023651,0.02594810379241517
RP11-40E6.2,0.6154770413861981,0.18363273453093812
RWDD2B,0.6154770413861981,0.2994011976047904
TIMP1,0.6154745003134521,0.005988023952095809
SLC26A1,0.6137492313390913,0.7764471057884231
RP11-800A3.3,0.6137364901016187,0.3193612774451098
CTD-2008P7.8,0.6137262969211912,0.015968063872255488
RP1-144F13.3,0.6120088771030212,0.36127744510978044
CTD-2142D14.1,0.6119679882594145,0.812375249500998
LPO,0.6119603212970852,0.36327345309381237
RP11-351J23.1,0.6119552099355021,0.005988023952095809
BAHCC1,0.6119475428130763,0.013972055888223553
RP11-384F7.1,0.6119475428130763,0.6407185628742516
LACRT,0.6119475428130761,0.003992015968063872
ASS1,0.6119449870842543,0.06187624750499002
RP11-23I7.1,0.6119449870842539,0.06387225548902195
ALDH1L1-AS1,0.6102174280230137,0.12974051896207583
MTHFD1L,0.6101917977889254,0.04590818363273453
CCDC190,0.6101866716129193,0.37524950099800397
ROMO1,0.6101789822681625,0.01996007984031936
HYOU1,0.6101789822681619,0.001996007984031936
RSL24D1,0.6101712928265047,0.37524950099800397
SKA2,0.6084849642419244,0.021956087824351298
SRP68,0.608441268137243,0.029940119760479042
AC010412.1,0.6084207041785664,0.10379241516966067
SAMD11,0.6084104219385849,0.031936127744510975
LYPLAL1-AS1,0.6084027101445587,0.17964071856287425
FLJ16779,0.6084027101445587,0.500998003992016
CFAP58-AS1,0.6066727979470982,0.25948103792415167
ZNF419,0.6066624860820916,0.4550898203592814
PRAME,0.6066315494353511,0.059880239520958084
PICK1,0.6049353534794142,0.06986027944111776
GJB5,0.6049353534794137,0.19161676646706588
SYT14,0.6048939864890682,0.005988023952095809
SOX11,0.6048862298634307,0.5189620758483033
AP2A1,0.6048836442994481,0.017964071856287425
ATP5S,0.6048733019329956,0.05788423153692615
ZBTB44,0.6048733019329956,0.015968063872255488
RP11-12M5.3,0.604873301932995,0.13972055888223553
B3GAT3,0.604862959389702,0.1277445109780439
SRMS,0.603249943748589,0.13972055888223553
RP11-507B12.2,0.6031047422608163,0.06187624750499002
TSPYL5,0.6031047422608161,0.812375249500998
CMIP,0.6031021490594041,0.0658682634730539
AL035610.2,0.6030969626231286,0.2994011976047904
CTD-3193O13.13,0.6013361828116407,0.0499001996007984
RP11-143J24.1,0.6013361828116405,0.626746506986028
RP11-5N11.4,0.6013257794314312,0.13972055888223553
RP1-287H17.1,0.5995780574737111,0.003992015968063872
FFAR2,0.5995676235874422,0.3413173652694611
KLF16,0.5995650150875035,0.08183632734530938
CLSTN3,0.5995571895195956,0.12974051896207583
MYLK3,0.5995571895195956,0.2654690618762475
CDK17,0.5978383064727034,0.3592814371257485
FRMD4B,0.5978095293440839,0.18762475049900199
RP3-323N1.2,0.5978069131727909,0.0499001996007984
KB-51A8.1,0.5977990645902169,0.017964071856287425
ATF6,0.5977964483731267,0.36926147704590817
RP11-132A1.3,0.5977964483731267,0.36127744510978044
CTD-2555I5.1,0.5977912159045966,0.03792415169660679
VCL,0.5977912159045964,0.003992015968063872
CATSPER4,0.5960856067345601,0.29141716566866266
GLOD4,0.5960383776927917,0.003992015968063872
SLC4A3,0.5960305058219858,0.15768463073852296
RP11-56N19.5,0.5960305058219858,0.24550898203592814
SEPT14,0.5960305058219858,0.18962075848303392
CRMP1,0.5960278818419477,0.001996007984031936
AC013401.2,0.5943540525648069,0.07784431137724551
CTAGE6,0.5942698425824394,0.015968063872255488
THRSP,0.5942593154956015,0.007984031936127744
XXbac-BPG116M5.17,0.5942540518822504,0.3872255489021956
MTERF3,0.5942540518822501,0.1656686626746507
SLC39A10,0.5907460108668672,0.001996007984031936
RP11-274B18.4,0.5907248309118249,0.031936127744510975
RP5-855F16.1,0.5907248309118249,0.47904191616766467
TADA2A,0.5889642395025636,0.1317365269461078
KB-1930G5.4,0.5889536175822141,0.4630738522954092
CTNND2,0.587201032787985,0.5568862275449101
RP11-867G23.4,0.5871877154881616,0.08782435129740519
OR1J1,0.5871770614308341,0.00998003992015968
RP11-272D20.2,0.5856034651504577,0.06187624750499002
PGPEP1L,0.5854725864316209,0.20159680638722555
CENPO,0.5854405300403809,0.16367265469061876
RP11-222K16.2,0.5854191581376967,0.1596806387225549
LINC00534,0.585408471893765,0.4091816367265469
AC136616.2,0.5838193934266057,0.5409181636726547
PDE5A,0.5837792091876848,0.05588822355289421
NOP9,0.5836720376917454,0.08183632734530938
TRIM46,0.583642562080319,0.005988023952095809
PRMT2,0.5819223594168154,0.3073852295409182
RP11-673P17.2,0.5818901074432041,0.8283433133732535
POC1A,0.5818820441704836,0.20958083832335328
RP3-428L16.1,0.5818739807860276,0.03792415169660679
MTCH2,0.580145838299232,0.3393213572854291
PARVB,0.5801350549193369,0.02594810379241517
TMEM30A,0.5801215754125953,0.05788423153692615
RP11-656D10.3,0.5801053995910632,0.041916167664670656
MTA1,0.5801053995910627,0.07784431137724551
KCNQ5,0.5801000075503177,0.017964071856287425
GACAT3,0.5783557479530759,0.041916167664670656
RP11-67L2.2,0.578334114237652,0.4151696606786427
CTD-2184C24.2,0.5766306227192345,0.031936127744510975
RASAL2,0.5765872250223261,0.001996007984031936
EVA1C,0.5765682375027674,0.19560878243512975
SPRED2,0.5747969357112533,0.001996007984031936
FBXO3,0.5731238642132965,0.0499001996007984
MTSS1,0.5712707083021262,0.12574850299401197
LINC01090,0.5712624951384176,0.17365269461077845
RP11-150O12.2,0.5695241224313706,0.03792415169660679
CTD-3032H12.1,0.5695021532285114,0.23952095808383234
FARSA,0.5695021532285109,0.027944111776447105
MFSD13A,0.5677308436550035,0.16766467065868262
CPE,0.5659982033020592,0.011976047904191617
AP006222.2,0.5659760972354279,0.2894211576846307
TTTY18,0.565965043878321,0.07385229540918163
RP11-628O18.1,0.5659539903053371,0.003992015968063872
AC009518.4,0.5642186653983411,0.001996007984031936
DDAH2,0.5641964896067433,0.8163672654690619
LINC01070,0.5641937175715072,0.7764471057884231
RP11-87C12.5,0.5641937175715072,0.05788423153692615
PGBD4,0.564188173460176,0.19560878243512975
RP11-543E8.1,0.5624279356075608,0.0998003992015968
HIST1H2BG,0.5624195933104931,0.2554890219560878
RP11-735G4.1,0.5624195933104926,0.033932135728542916
RP11-883A18.3,0.5624195933104926,0.07984031936127745
IGHVII-22-1,0.5606928550844841,0.05389221556886228
NRF1,0.5606677503709866,0.021956087824351298
RP11-553K8.2,0.560659381883351,0.35728542914171657
ESRRA,0.5606593818833507,0.8662674650698603
PCDHGB6,0.5606510132708037,0.3093812375249501
SLC25A3,0.5588908284367239,0.05588822355289421
CENPH,0.5588880300858784,0.3532934131736527
DNAH1,0.5588824333421527,0.1277445109780439
RP11-899L11.3,0.5588824333421522,0.059880239520958084
RP11-637O19.2,0.5588796349492716,0.03992015968063872
AC007556.3,0.5572205195538629,0.00998003992015968
APOLD1,0.5571896446456286,0.249500998003992
LY75,0.5571643820844925,0.05588822355289421
RP11-713P17.5,0.5571447326338963,0.16966067864271456
PSMB6,0.5571335040652639,0.3592814371257485
ZNF469,0.5571222752703242,0.17764471057884232
GAGE2E,0.5571138535255973,0.8303393213572854
TRGVA,0.5554100428666986,0.043912175648702596
NDFIP2,0.555353722386828,0.22554890219560877
ENPEP,0.555353722386828,0.11177644710578842
RAP1B,0.5553509062129026,0.07584830339321358
RP11-758P17.2,0.553652969565048,0.04590818363273453
TMEM115,0.5536077706369106,0.015968063872255488
DNAJC19,0.5535936452150617,0.06986027944111776
RP11-960L18.1,0.553576694233071,0.05588822355289421
SAT1,0.5518506270499353,0.08183632734530938
MGAM,0.551830788388531,0.13373253493013973
RP11-196B3.3,0.5518052804901203,0.08982035928143713
CTSG,0.548347969524115,0.04790419161676647
DLEC1,0.5482795137366356,0.029940119760479042
STAT1,0.5482681036077371,0.00998003992015968
PDCL3,0.5465939462790959,0.4091816367265469
C1QTNF4,0.5465481635778581,0.3912175648702595
ZNF737,0.5465481635778581,0.06187624750499002
PAK1IP1,0.5465023770412198,0.2215568862275449
LINC01581,0.54479982864142,0.3413173652694611
SEC62-AS1,0.54479982864142,0.2634730538922156
PLIN2,0.5447653788914554,0.11177644710578842
CD163,0.5447567661135646,0.34530938123752497
IQSEC3,0.5447538951573407,0.02594810379241517
TMEM92,0.5447538951573405,0.2874251497005988
TSPAN2,0.5447510241859859,0.27944111776447106
SMCO3,0.5447510241859856,0.17564870259481039
HIST1H4G,0.5447424111811364,0.6846307385229541
PLEKHB2,0.5447395401492572,0.3213572854291417
PRNT,0.5447395401492572,0.3213572854291417
AP002962.1,0.5447309269628278,0.21357285429141717
AK6,0.5430084237640594,0.10379241516966067
C1QTNF9B-AS1,0.5429853817363921,0.48902195608782434
OR2M4,0.5429853817363921,0.5349301397205589
RP11-397H6.1,0.5429652191600458,0.249500998003992
PLEKHG1,0.5429652191600458,0.500998003992016
GLIPR1,0.5429594582864253,0.20958083832335328
S100Z,0.5412486549231507,0.2634730538922156
LAMA1,0.5412284276479024,0.7584830339321357
ADCK3,0.5411966404022347,0.6626746506986028
ZNF391,0.5411966404022347,0.3193612774451098
RP5-875O13.1,0.5411937505600485,0.5888223552894212
OBP2B,0.539480246808071,0.4550898203592814
RP11-757O6.1,0.5394599532256292,0.30538922155688625
AREL1,0.5394512557423108,0.4251497005988024
GPR89B,0.5394367596251531,0.2215568862275449
CLDND1,0.5394338603549754,0.22554890219560877
LINC01195,0.537656574404177,0.7385229540918163
APOM,0.5359609430033321,0.2554890219560878
GATSL2,0.535937597977328,0.26147704590818366
CDC42EP2,0.535934679777577,0.08782435129740519
BTG3,0.5359230068196713,0.47904191616766467
LINC01297,0.5359084152647419,0.11976047904191617
RP11-440D17.4,0.5358996601410799,0.5668662674650699
RP11-276E17.2,0.5358909048743802,0.29141716566866266
CTAG2,0.5358850679504457,0.8922155688622755
RP11-265N7.2,0.5341662464558724,0.09580838323353294
SMO,0.5341545348521337,0.13373253493013973
CTD-3212A4.2,0.5341311108742742,0.16167664670658682
RP11-420M1.2,0.5341223266177366,0.3333333333333333
XXyac-YX65C7_A.3,0.53411939850012,0.7105788423153693
ETNK2,0.5324947460085515,0.25149700598802394
ARSJ,0.5324683118176935,0.7105788423153693
NFE2L3,0.5323860637191676,0.9261477045908184
OR2T27,0.5323772506692477,0.19560878243512975
OR8B3,0.5323743129535207,0.30538922155688625
CTC-203F4.2,0.5323625619285006,0.7365269461077845
SIGMAR1,0.5323625619285004,0.12375249500998003
FGF12-AS2,0.5323596241317167,0.8542914171656687
GFI1,0.5323537484895118,0.9001996007984032
AXDND1,0.5307796784111879,0.11976047904191617
IP6K2,0.5306087510061116,0.6846307385229541
RP11-867G2.5,0.5305822228529135,0.8403193612774451
RP11-44N11.2,0.5288372946339905,0.3912175648702595
SQRDL,0.52882546501293,0.7764471057884231
PGK2,0.527101425601495,0.49700598802395207
LINC01168,0.5270806554117021,0.18163672654690619
CTD-2270F17.1,0.5270569170496832,0.9201596806387226
RP11-267C16.1,0.5270539496792546,0.43313373253493015
KCNB1,0.5270480148882778,0.7544910179640718
RP11-677O4.2,0.5270480148882776,0.5329341317365269
CTC-490E21.14,0.5254223332064929,0.8083832335329342
CTDSP1,0.5253806592446636,0.6926147704590818
PRRT1,0.5253747055516936,0.4810379241516966
TEPP,0.5253508901050955,0.7864271457085829
RP11-203J24.8,0.5252853920595026,0.9600798403193613
LGALS8-AS1,0.5252794372867431,0.6506986027944112
RNASEK-C17orf49,0.5252794372867429,0.5109780439121756
ZBED6CL,0.5235198221289724,0.500998003992016
RP11-300M6.1,0.5235048848624821,0.15169660678642716
RP11-545H22.1,0.5199827285721117,0.9520958083832335
FCGR2B,0.518214182313852,0.34530938123752497
IGKV2-23,0.516457749591982,0.3033932135728543
DYTN,0.5164426080665151,0.9001996007984032
CCNI,0.5150325004589341,0.3932135728542914
FREM2-AS1,0.5146649357610003,0.844311377245509
RP11-439C15.4,0.5093714563687456,0.8363273453093812
RP11-232L2.2,0.5006037252596758,0.06387225548902195
RP1-28O17.1,0.49875706177410506,0.3213572854291417
CRYL1,0.49698850882630374,0.43912175648702595
RP11-649G15.2,0.48459573801459443,0.1497005988023952
IGF2,0.45815553696189987,0.1536926147704591
RP11-73M7.6,0.3572610896569349,0.530938123752495
